vlm_class,vlm_params,dataset,R@1 (of 82),R@5 (of 82),R@10 (of 82),R@20 (of 82),R@50 (of 82),Mean R,Med R,Ranked Text Indices,Vid-Text Choice Ranks,Correct Vid-Text Pair Ranks,Vid-Text Pairs (Easy->Hard)
VideoClipVLM,"{'path': 'video_clip/MMPT_updated/projects/retri/videoclip/how2.yaml', 'num_seconds': 1, 'sample_strat': 'center'}",500p,1,8,13,25,51,37.707317073170735,43.0,"[[57 41 68 ... 17 21 46]
 [57 60 68 ... 21 17 46]
 [68 57 60 ... 17 21 46]
 ...
 [57 68 60 ... 12 46 17]
 [57 60 68 ... 46 12 17]
 [57 11 60 ... 54 12 17]]","[[ 6 37 18 ... 44 22 31]
 [ 7 42 18 ... 45 26 25]
 [ 5 45 10 ... 58 41 38]
 ...
 [ 4 42  7 ... 50 34 41]
 [ 4 45 10 ... 54 42 47]
 [ 4 43 14 ... 44 28 32]]","[ 6 42 10 13  6 50 53 58 46 30 24  4 74 29 18 13 42 77 41 11 60 80 23  9
  8 49 52 17 13 42 50 45 55 61 26 20 55 58 16  9 35  3 54 61 61 47 79 48
 57 72 53 44 23 56 65 56 63  2  2 18  0 58  2 15 50 10 53 44  2 18 54 69
 33 41 56  3 28 34 22 50 42 32]","[60 58 62 68 57 41 75 11  4  0 24 23 39  2 65 19 28  3 15 63 38 27 59 14
 69 35 78 22 52 10 34 76 13  9 81 72 77 40 73 18 80 29 16  1 67 51 31  8
 45 47 25 30  5 64 79 26  6 66 50 70 42 32 36 53 74 55 48 61  7 37 20 43
 33 44 56 54 71 49 12 17 46 21]"
VideoClipVLM,"{'path': 'video_clip/MMPT_updated/projects/retri/videoclip/how2.yaml', 'num_seconds': 1, 'sample_strat': 'start'}",500p,2,5,11,18,48,42.15853658536585,44.0,"[[60 68 57 ... 17 21 46]
 [57 68 60 ... 55 46 21]
 [68 60 57 ... 17 21 46]
 ...
 [68 57 60 ... 55 54 17]
 [57 11 60 ... 46 12 17]
 [60 68 57 ... 46 54 17]]","[[ 8 46 14 ... 51 38 41]
 [ 6 36 18 ... 50 26 27]
 [ 7 41 14 ... 59 40 43]
 ...
 [ 6 32 20 ... 41 35 36]
 [ 5 45 10 ... 49 31 46]
 [ 4 35 21 ... 39 33 36]]","[ 8 36 14 33  7 53 57 57 58 36 31  5 74 61 33 12 33 81 37 14 62 78 22  9
 10 42 52 16 72 59 37 54 54 61  8 49 47 70 20 30 35  3 51 76 35 59 80 49
 57 76 65 44 24 57 66 64 64  0 11 42  0 47  5 23 52 10 69 57  1 38 56 69
 49 49 76  3 33 53 27 41 31 36]","[57 60 68 41 75 62 11  4  0 34 23 65 24 58 15  2 19 27 38 22 63 52 78 39
 80 10 16 14  3 76 44 40 81  1  9 30 18 69 79 59 25 51 36 61 35 73 72 47
 42 26 64  5 77 31 32 70  7 53  6 48 67  8 29 45 33 13 20 55 56 50 54 71
 66 37 28 12 43 74 49 21 46 17]"
VideoClipVLM,"{'path': 'video_clip/MMPT_updated/projects/retri/videoclip/how2.yaml', 'num_seconds': 1, 'sample_strat': 'spread'}",500p,2,5,11,18,48,42.15853658536585,44.0,"[[60 68 57 ... 17 21 46]
 [57 68 60 ... 55 46 21]
 [68 60 57 ... 17 21 46]
 ...
 [68 57 60 ... 55 54 17]
 [57 11 60 ... 46 12 17]
 [60 68 57 ... 46 54 17]]","[[ 8 46 14 ... 51 38 41]
 [ 6 36 18 ... 50 26 27]
 [ 7 41 14 ... 59 40 43]
 ...
 [ 6 32 20 ... 41 35 36]
 [ 5 45 10 ... 49 31 46]
 [ 4 35 21 ... 39 33 36]]","[ 8 36 14 33  7 53 57 57 58 36 31  5 74 61 33 12 33 81 37 14 62 78 22  9
 10 42 52 16 72 59 37 54 54 61  8 49 47 70 20 30 35  3 51 76 35 59 80 49
 57 76 65 44 24 57 66 64 64  0 11 42  0 47  5 23 52 10 69 57  1 38 56 69
 49 49 76  3 33 53 27 41 31 36]","[57 60 68 41 75 62 11  4  0 34 23 65 24 58 15  2 19 27 38 22 63 52 78 39
 80 10 16 14  3 76 44 40 81  1  9 30 18 69 79 59 25 51 36 61 35 73 72 47
 42 26 64  5 77 31 32 70  7 53  6 48 67  8 29 45 33 13 20 55 56 50 54 71
 66 37 28 12 43 74 49 21 46 17]"
VideoClipVLM,"{'path': 'video_clip/MMPT_updated/projects/retri/videoclip/how2.yaml', 'num_seconds': 2, 'sample_strat': 'center'}",500p,2,8,14,24,55,37.63414634146341,40.0,"[[57 60 68 ... 21 17 46]
 [57 60 68 ... 21 17 46]
 [68 57 60 ... 21 17 46]
 ...
 [57 68 60 ... 46 12 17]
 [57 68 60 ... 46 12 17]
 [57 11  0 ... 55 12 17]]","[[ 4 45 16 ... 53 40 36]
 [ 8 41 17 ... 44 25 33]
 [ 5 46 11 ... 55 43 38]
 ...
 [ 4 39 11 ... 44 30 34]
 [ 4 33 11 ... 50 34 39]
 [ 2 35 15 ... 34 26 25]]","[ 4 41 11 16  8 45 58 59 37 38 28  4 75 41 11 17 44 79 34 12 49 78 24 12
  4 43 52 16 58 37 58 34 57 62 12 28 46 52  6  8 33  5 51 67 63 52 78 54
 56 75 47 44 41 55 71 51 62  0  3 17  0 55  2 14 50  7 38 41  4 33 52 69
 30 40 49  6 32 28 28 44 34 25]","[57 60 62 58 11  0 24 68 41 38 75 65  4 39 14  2 23 19 34 63  3 27 59 15
 22 81 10 78 77 35 72 76 69 40 31 18 80 29  8 66  9 73 67  1 52 13 25 79
 16 51  5 36 50 20 74 64 55 42 70 26 45 37 47 53 61 48 32 28 30  6  7 33
 56 44 43 71 54 12 49 46 21 17]"
VideoClipVLM,"{'path': 'video_clip/MMPT_updated/projects/retri/videoclip/how2.yaml', 'num_seconds': 2, 'sample_strat': 'start'}",500p,2,7,13,18,46,42.073170731707314,43.5,"[[57 60 68 ... 17 21 46]
 [57 68 60 ... 17 21 46]
 [57 68 60 ... 21 17 46]
 ...
 [57 60 68 ... 46 54 17]
 [57 60 68 ... 46 12 17]
 [60 57 68 ... 54 55 17]]","[[ 3 43 16 ... 47 34 39]
 [ 3 40 17 ... 54 39 33]
 [ 5 40 17 ... 54 35 39]
 ...
 [ 6 32 18 ... 39 34 35]
 [ 5 36 12 ... 49 34 40]
 [ 4 27 28 ... 36 31 29]]","[ 3 40 17 34  6 60 60 56 60 38 27  4 74 66 27 11 36 81 34 16 62 78 23 16
  8 43 52 14 72 41 44 54 53 60  9 41 34 69  9 30 33  8 50 76 39 55 80 52
 57 74 63 44 32 56 62 63 64  0  7 43  0 51  3 28 50 22 69 55  1 35 55 70
 52 53 74  3 42 48 35 39 34 29]","[57 60 68  0 75 62 11  4 58 41 24 38 34 15 27 23 19  2 65 22 10 14 63 81
 39 52 40 18 80  3 36 78 69 16  9 44 79  1 29 35 76 59 25 30 51 77 64 42
 61 47 72 26 32 73 31 67 45 70  7 53 48  5  6  8 33 54 20 55 50 56 13 66
 37 71 28 49 74 12 43 21 46 17]"
VideoClipVLM,"{'path': 'video_clip/MMPT_updated/projects/retri/videoclip/how2.yaml', 'num_seconds': 2, 'sample_strat': 'spread'}",500p,2,6,13,22,50,40.426829268292686,43.5,"[[57 60 68 ... 21 17 46]
 [57 68 60 ... 17 21 46]
 [68 57 60 ... 21 46 17]
 ...
 [57 60 68 ... 46 54 17]
 [57 11 60 ... 46 12 17]
 [60 57 68 ... 46 54 17]]","[[ 4 45 14 ... 53 40 37]
 [ 5 37 19 ... 45 25 30]
 [ 4 43 11 ... 56 44 38]
 ...
 [ 6 33 16 ... 41 35 34]
 [ 4 40 11 ... 47 30 38]
 [ 4 34 17 ... 38 31 35]]","[ 4 37 11 27  9 50 63 59 55 35 27  5 76 59 16 13 37 81 34 11 59 78 23 13
  7 42 52 14 60 44 41 46 58 60 11 46 42 67  9 19 33  6 52 76 50 55 80 52
 56 74 57 44 34 56 65 56 64  0  5 17  0 49  3 25 49  9 59 52  2 38 56 70
 46 43 71  3 40 46 34 41 30 35]","[57 60 68 75 62  0 11 58 41 24 38 65  4 34  2 19 15 23 27 14 59 39 22 63
 10  3 80 40 18 78 52 81  9 16  1 69 76 30 79 25 36 73 29 51 77 35 72 31
 64 61 44  5 26 47 42 67 45  8 55 70 48 53 50 32 13 66  7 20 28 33  6 56
 54 37 71 74 49 12 43 21 46 17]"
VideoClipVLM,"{'path': 'video_clip/MMPT_updated/projects/retri/videoclip/how2.yaml', 'num_seconds': 3, 'sample_strat': 'center'}",500p,1,6,12,22,54,37.69512195121951,41.0,"[[57 68 60 ... 21 17 46]
 [57 60  4 ... 21 46 17]
 [57 68 60 ... 21 46 17]
 ...
 [57 68 60 ... 46 12 17]
 [57 68 60 ... 46 12 17]
 [57 11 60 ... 12 55 17]]","[[ 4 40 16 ... 53 37 34]
 [ 4 43 16 ... 42 23 27]
 [ 4 50 11 ... 53 44 38]
 ...
 [ 4 36 10 ... 41 30 31]
 [ 5 34 11 ... 49 35 36]
 [ 3 31 18 ... 33 26 25]]","[ 4 43 11 16  9 56 58 56 36 35 26  5 76 41 16 14 45 81 31 11 57 78 24 14
  8 41 52 16 46 36 62 44 52 62 20 27 56 52  5 13 33  5 52 58 61 53 77 54
 54 71 46 44 39 56 59 56 63  2  2 21  0 50  2 12 38 15 42 48  2 30 52 70
 28 43 46  5 23 29 32 41 35 25]","[60 62 57 58 68  0 41 38 11 75 24  4  2 19 63 39 15 23 65 27  3 14 34 59
 76 22 81 10 35 72 77 69 18 78 40  9 80 29  8 64 52 79 13 25 66 73  1 31
 51 16 28 50 74 67 61 32 37 26 42 70 45 48 47  5 53 36  7 55 20 43  6 54
 44 33 30 56 71 49 12 46 21 17]"
VideoClipVLM,"{'path': 'video_clip/MMPT_updated/projects/retri/videoclip/how2.yaml', 'num_seconds': 3, 'sample_strat': 'start'}",500p,2,6,12,18,48,41.24390243902439,43.0,"[[57 60 68 ... 21 17 46]
 [57 68 60 ... 21 17 46]
 [57 68 60 ... 21 17 46]
 ...
 [57 60 68 ... 55 54 17]
 [57 68 60 ... 46 12 17]
 [57 60 68 ... 54 55 17]]","[[ 4 47 16 ... 48 37 35]
 [ 3 42 15 ... 50 38 33]
 [ 5 41 15 ... 50 37 36]
 ...
 [ 4 31 18 ... 41 36 34]
 [ 5 37 13 ... 47 34 38]
 [ 4 28 26 ... 36 31 29]]","[ 4 42 15 33  7 75 58 58 58 35 27  5 64 62 23 11 38 81 34 15 63 78 22 19
  8 42 52 12 71 40 37 51 51 61 15 46 32 69  6 29 33  9 52 75 48 54 79 53
 57 73 52 44 35 56 59 62 63  0  5 22  0 51  4 28 49 23 67 52  1 36 54 71
 45 51 70  3 28 46 37 41 34 29]","[57 60 68 75  0 62 58 11 38  4 24 41 15 27  2 19 34 23 22 59 14 65 10 63
 76 39 81 36 40  3 18 80  9 52 69 30 78 16 29 79  1 25 51 72 77 35 44 64
 61 31 32 73 67 26 42 50 47 45 70 53 48  8  7  6 54 33 55 13 20 56 12 66
 37 74 71 28 49 43  5 21 46 17]"
VideoClipVLM,"{'path': 'video_clip/MMPT_updated/projects/retri/videoclip/how2.yaml', 'num_seconds': 3, 'sample_strat': 'spread'}",500p,2,6,13,21,47,40.24390243902439,42.5,"[[57 60 68 ... 21 17 46]
 [57 60 68 ... 21 46 17]
 [68 57 39 ... 21 46 17]
 ...
 [57 60 68 ... 46 54 17]
 [57 68 60 ... 46 12 17]
 [57 60 68 ... 54 55 17]]","[[ 4 42 16 ... 53 39 37]
 [ 3 39 17 ... 45 30 27]
 [ 4 45 12 ... 56 44 38]
 ...
 [ 5 32 15 ... 39 33 34]
 [ 5 34 13 ... 46 35 36]
 [ 4 35 16 ... 36 30 31]]","[ 4 39 12 26  9 60 63 60 55 39 26  5 75 60 24 13 39 81 32 11 57 78 23 12
  8 43 52 14 70 41 54 45 52 56  8 40 39 65  8 20 33  6 52 71 57 57 80 53
 56 75 53 44 52 56 58 61 64  0  6 15  0 55  3 13 41 18 65 52  1 38 50 60
 46 42 63  3 23 44 29 39 35 31]","[60 57 68 62 75  0 11 41 58 38 24 34  4 19 23  2 63 15 27 59 65 39 76 22
 14 10  3 78 81 18 40 80 69 79  1  9 36 16 35 64 29 73 25 77 51 31 72 70
 26 42 67 32 52 50 47 30  8 61 33 48 53 20 44 45 54 71 13  5  7 55 74  6
 56 66 37 28 43 49 12 21 46 17]"
VideoClipVLM,"{'path': 'video_clip/MMPT_updated/projects/retri/videoclip/how2.yaml', 'num_seconds': 4, 'sample_strat': 'center'}",500p,1,6,14,24,53,38.30487804878049,41.5,"[[57 60 68 ... 21 46 17]
 [57 60 68 ... 21 46 17]
 [57 68 39 ... 21 46 17]
 ...
 [57 11 68 ... 55 12 17]
 [57 60 68 ... 46 12 17]
 [57 60 39 ... 54 55 17]]","[[ 4 45 16 ... 53 41 34]
 [ 4 43 15 ... 44 31 34]
 [ 4 47 11 ... 56 43 37]
 ...
 [ 5 36 11 ... 39 30 32]
 [ 4 36 11 ... 47 35 34]
 [ 5 33 23 ... 36 31 26]]","[ 4 43 11 17  9 60 55 59 43 40 27  6 76 45 12 14 42 80 32 12 52 78 24 15
  8 41 52 16 62 29 58 40 51 60  9 27 44 59  6 14 33  9 51 69 70 56 78 57
 55 74 43 44 46 55 59 56 64  1  4 13  0 53  3 18 40  9 55 48  4 29 49 69
 31 44 51  5 24 29 29 39 35 26]","[60 57 62 58 68  0 75 38 11 24  4 65 41 34  2 14 19 59 39 15 23 27  3 63
 76 22 81 35 10 29 78 77 69 72 18 40 80 79 31 64  9 25 16  1 50  8 73 36
 51 13 52 67 70 42 32 74 26 20 61 53  6 48 66 55 45 47 30 54 37  7 33  5
 28 56 71 43 44 49 12 21 46 17]"
VideoClipVLM,"{'path': 'video_clip/MMPT_updated/projects/retri/videoclip/how2.yaml', 'num_seconds': 4, 'sample_strat': 'start'}",500p,2,6,11,19,49,40.79268292682927,42.5,"[[57 60 62 ... 21 17 46]
 [57 68  0 ... 21 46 17]
 [57 68 39 ... 21 46 17]
 ...
 [57 60 68 ... 55 54 17]
 [57 68 60 ... 46 12 17]
 [57 60 68 ... 54 55 17]]","[[ 3 47 17 ... 48 37 33]
 [ 2 43 15 ... 49 36 31]
 [ 4 43 13 ... 54 38 35]
 ...
 [ 4 31 17 ... 41 35 32]
 [ 5 37 13 ... 46 35 38]
 [ 4 28 19 ... 36 31 27]]","[ 3 43 13 33  7 75 58 59 55 36 27  6 64 61 23 11 39 81 34 14 63 78 22 19
  6 42 52 11 70 37 35 53 46 60 14 40 33 67  6 29 33 13 52 75 55 55 78 54
 57 73 48 44 40 52 58 64 64  0  6 15  0 50  4 25 43 21 67 52  1 34 54 72
 46 50 67  4 27 43 39 41 35 27]","[57 60 68  0 75 62 24 38 58 11  4 15 27 41  2 34 19 59 23 65 22 14 63 76
 81 10 39 40  3 36 69 18 30 80  9 29 78 16 35 52 79 25 77  1 64 51 72 32
 50 61 73 26 67 42 53 31 47 70 44 45  8 48 54  6  7 33 13 20 55 56 12 74
 37 66 28 71 49  5 43 46 21 17]"
VideoClipVLM,"{'path': 'video_clip/MMPT_updated/projects/retri/videoclip/how2.yaml', 'num_seconds': 4, 'sample_strat': 'spread'}",500p,2,6,13,21,51,39.63414634146341,41.0,"[[57 60 68 ... 21 46 17]
 [57 68 60 ... 21 46 17]
 [57 68 39 ... 21 46 17]
 ...
 [57 60 68 ... 46 54 17]
 [57 60 68 ... 55 12 17]
 [57 60 68 ... 54 55 17]]","[[ 5 44 15 ... 53 42 35]
 [ 6 38 17 ... 43 24 26]
 [ 4 46 11 ... 56 42 37]
 ...
 [ 5 35 15 ... 41 36 33]
 [ 5 32 14 ... 38 31 30]
 [ 3 35 19 ... 32 27 30]]","[ 5 38 11 23  9 68 61 61 50 34 28  5 75 59 20 11 39 81 34 11 60 78 24 18
  7 41 52 15 63 38 38 45 51 54  9 46 40 64  7 20 33  9 51 70 61 57 79 55
 55 73 48 44 40 54 59 56 64  0  4 14  0 49  3 19 43 11 57 52  2 36 55 64
 47 40 66  3 26 40 34 41 31 30]","[57 60 68 62 75 58 11  0 38 24  4 41 34 15  2 65 19 59 27 23 63 39 14  3
 22 76 10 81 80 40  9 18 78 69 29 30  1 16 52 73 77 36 79 25 64 51 31 35
 72 50 61  8 42 32 26 67 53 33 48 47 70 55 66 45 54 13 20  7 44  6 28 56
 71 37 74  5 43 49 12 21 46 17]"
VideoClipVLM,"{'path': 'video_clip/MMPT_updated/projects/retri/videoclip/how2.yaml', 'num_seconds': 5, 'sample_strat': 'center'}",500p,2,6,13,24,55,37.95121951219512,41.5,"[[57 68 60 ... 21 46 17]
 [57 39 60 ... 21 46 17]
 [57 39 68 ... 21 46 17]
 ...
 [57 68 60 ... 55 12 17]
 [57 11 60 ... 55 12 17]
 [57 60  0 ... 54 55 17]]","[[ 5 43 16 ... 52 38 34]
 [ 5 42 15 ... 43 24 26]
 [ 4 46 11 ... 54 42 37]
 ...
 [ 5 37 12 ... 41 29 28]
 [ 5 35 11 ... 46 32 31]
 [ 2 33 21 ... 32 29 27]]","[ 5 42 11 16  9 70 58 56 39 31 27  5 74 49 19 14 43 81 30 10 58 78 24 16
  8 40 52 17 62 34 59 45 47 54  9 29 47 56  6 16 33  7 50 66 62 55 78 58
 52 70 43 44 40 57 56 56 69  0  3 20  0 48  2 14 41 15 47 52  2 33 50 61
 31 44 48  4 15 28 30 41 32 27]","[60 57 62 68 58 75 11  0 38 41 24  4 34 19  2 63 15 76 65  3 23 39 27 14
 59 22 81 10 77 35 78 18 72  9 80 40 69 29  8 52 25 79 64  1 16 50 51 73
 31 36 66 32 61 74 13 42 70 48 26 67 33 45  7 54 55 37 53 20  6 47 30 71
 28 44 43 56 49  5 12 46 21 17]"
VideoClipVLM,"{'path': 'video_clip/MMPT_updated/projects/retri/videoclip/how2.yaml', 'num_seconds': 5, 'sample_strat': 'start'}",500p,2,6,11,21,50,40.31707317073171,44.0,"[[57 60 62 ... 21 17 46]
 [57  0 60 ... 21 46 17]
 [57 68 39 ... 21 46 17]
 ...
 [57 60 68 ... 55 54 17]
 [57 68 60 ... 46 12 17]
 [57 60 68 ... 55 54 17]]","[[ 3 47 16 ... 48 37 34]
 [ 1 43 14 ... 47 35 30]
 [ 4 44 12 ... 53 39 35]
 ...
 [ 5 32 17 ... 40 34 30]
 [ 5 33 15 ... 47 35 32]
 [ 5 32 23 ... 37 30 29]]","[ 3 43 12 29  8 74 59 58 48 36 27  6 65 61 24 11 40 81 33 12 60 78 22 19
  6 43 52 10 69 37 51 48 45 60 15 37 34 63  5 18 33 14 50 75 57 54 78 54
 59 73 48 44 45 52 56 59 64  0  5 14  0 55  3 24 48 15 64 51  1 33 54 72
 47 55 62  4 24 41 31 40 35 29]","[57 60 68  0 62 75 38 58 24 11  4 27 15  2 19 41 59 65 34 39 23 22 63 14
 76 10 81  3 78 40 69 18 36 80  9 29 35 79 16 77  1 25 51 52 32 72 50 64
  8 31 42 30 67 53 26 47 45 70 73 61 54 44  7 48  6 55 33 20 13 74 37 66
 56 12 28 71 49  5 43 21 46 17]"
VideoClipVLM,"{'path': 'video_clip/MMPT_updated/projects/retri/videoclip/how2.yaml', 'num_seconds': 5, 'sample_strat': 'spread'}",500p,2,6,11,23,51,39.74390243902439,42.5,"[[57 60 68 ... 21 46 17]
 [57 68 60 ... 21 46 17]
 [57 68 39 ... 21 46 17]
 ...
 [57 60 68 ... 55 54 17]
 [57 60 68 ... 55 12 17]
 [57 60 68 ... 54 55 17]]","[[ 4 45 14 ... 52 40 35]
 [ 4 41 15 ... 45 30 27]
 [ 4 44 12 ... 53 38 37]
 ...
 [ 5 33 16 ... 40 35 32]
 [ 5 31 15 ... 40 33 30]
 [ 4 33 20 ... 37 32 27]]","[ 4 41 12 24  7 68 56 59 52 34 28  6 73 61 21 13 40 81 33 11 58 78 22 19
  7 42 52 18 70 30 45 42 49 56 10 39 39 66  6 17 33 10 52 72 63 58 78 53
 57 72 49 44 54 54 56 59 69  0  5 16  0 52  2 19 43 13 64 52  2 34 47 69
 44 43 63  3 17 41 26 40 33 27]","[57 60 62 68 75  0 58 38 11  4 24 41 34 19  2 15 65 59 76 39 27 63 23 14
 22  3 78 81 10 29 40 80 18  9 69 35 36 79 16  1 77 31 25 64 73 51 72 30
 70 50 32 42 67  8 26 61 47 52 53  6 54 33 48 20 45 55  7 13 74 44 66 37
  5 71 56 28 49 43 12 46 21 17]"
VideoClipVLM,"{'path': 'video_clip/MMPT_updated/projects/retri/videoclip/how2.yaml', 'num_seconds': 6, 'sample_strat': 'center'}",500p,2,7,12,24,52,38.24390243902439,41.0,"[[57 60 68 ... 21 46 17]
 [57 60 39 ... 21 46 17]
 [57 39 68 ... 21 46 17]
 ...
 [57 68 60 ... 55 12 17]
 [57 11 68 ... 55 12 17]
 [57 60  0 ... 54 55 17]]","[[ 4 46 15 ... 52 39 34]
 [ 4 43 14 ... 45 31 29]
 [ 4 48 12 ... 56 42 36]
 ...
 [ 5 34 11 ... 40 30 28]
 [ 5 33 13 ... 45 32 29]
 [ 2 33 21 ... 32 29 27]]","[ 4 43 12 18  9 69 55 58 41 34 28  6 73 54 13 14 40 81 34 11 53 78 23 19
  8 41 52 17 64 28 48 40 49 56 10 32 40 59  5 16 33 11 52 67 70 55 78 56
 56 73 43 44 55 52 56 56 64  0  3 12  0 53  2 20 43  9 58 53  2 27 45 66
 34 42 53  3 13 32 29 40 32 27]","[57 60 68 62 75 58  0 38 11 24  4 65 34 19 41 59  2 14 76 15 39 27  3 23
 63 22 69 81 10 29 78 80 77 35 40  9 18 72 79 36 31 16  8 25 73 64  1 50
 51 70 30 32 53 26 42 61 74 67 20 13 52  6 45 54 47 33 55 48 66  7 37 28
 56 71 43  5 44 12 49 46 21 17]"
VideoClipVLM,"{'path': 'video_clip/MMPT_updated/projects/retri/videoclip/how2.yaml', 'num_seconds': 6, 'sample_strat': 'start'}",500p,2,7,11,21,49,40.207317073170735,44.0,"[[57 60 68 ... 21 46 17]
 [57 60 68 ... 21 46 17]
 [57 68 39 ... 21 46 17]
 ...
 [57 60 68 ... 55 54 17]
 [57 11 68 ... 46 12 17]
 [57 60 68 ... 55 54 17]]","[[ 4 47 16 ... 50 37 34]
 [ 4 43 14 ... 48 32 28]
 [ 4 45 12 ... 55 40 35]
 ...
 [ 5 33 15 ... 40 32 30]
 [ 5 34 15 ... 46 33 31]
 [ 5 32 23 ... 37 30 29]]","[ 4 43 12 28  9 69 62 58 46 34 27  6 73 61 17 11 40 81 34 12 60 78 23 20
  6 43 52 10 65 35 50 47 46 60 15 37 38 63  5 17 33 17 51 75 58 54 78 53
 59 73 48 44 48 52 56 58 64  0  4 10  0 55  3 24 46 13 61 50  2 33 54 72
 52 52 62  4 25 39 34 40 33 29]","[57 60 68 62  0 75 58 38 24 11  4 59 27 15 19  2 65 34 14 41 39 23 22 63
 76 10  3 81 40 69 80 18 78  9 29 35 36 77 79 16 25  1 51 32 64  8 31 50
 52 30 67 42 26 73 72 53 47 70 45 61 54 55  7 44 48 33 20 13 66  6 74 37
 56 28  5 71 12 49 43 46 21 17]"
VideoClipVLM,"{'path': 'video_clip/MMPT_updated/projects/retri/videoclip/how2.yaml', 'num_seconds': 6, 'sample_strat': 'spread'}",500p,2,7,12,22,49,39.41463414634146,42.0,"[[57 60 68 ... 71 46 17]
 [57 60 68 ... 21 46 17]
 [57 68 39 ... 21 46 17]
 ...
 [57 60 68 ... 12 54 17]
 [57 68 60 ... 55 12 17]
 [57 60 68 ... 54 55 17]]","[[ 4 47 13 ... 54 41 34]
 [ 4 41 13 ... 47 36 27]
 [ 4 48 12 ... 56 43 37]
 ...
 [ 5 34 15 ... 40 35 31]
 [ 5 31 15 ... 39 32 30]
 [ 4 33 20 ... 37 32 27]]","[ 4 41 12 27  8 61 60 58 50 34 26  5 73 58 20 12 40 81 31 11 57 78 22 19
  8 42 52 17 66 29 55 42 46 56  9 43 40 64  6 18 33 14 53 71 62 55 78 52
 57 74 50 44 56 54 55 55 64  0  4 12  0 50  2 19 41 15 65 52  1 34 48 59
 44 41 62  3 21 38 32 40 32 27]","[57 60 68 62 75  0 58 11 38  4 24 34 19 15 59  2 41 65 27 39 63 23 14 76
 22 10 81  3 29 18 78 80 40 69  9 77 79 36 16  1 73 64 25 31 35 72 51 32
 70  8 50 61 47 26 67 42 53 30 54 55 45 33 52 48 20  7 13 71  6  5 44 74
 56 37 66 28 43 12 49 21 46 17]"
VideoClipVLM,"{'path': 'video_clip/MMPT_updated/projects/retri/videoclip/how2.yaml', 'num_seconds': 7, 'sample_strat': 'center'}",500p,2,6,11,23,53,38.0,40.5,"[[57 68 60 ... 21 46 17]
 [57 39 60 ... 21 46 17]
 [57 39 60 ... 21 46 17]
 ...
 [57 11 68 ... 55 12 17]
 [57 68 60 ... 55 12 17]
 [57 60  0 ... 54 55 17]]","[[ 5 43 14 ... 52 38 34]
 [ 4 42 14 ... 43 26 25]
 [ 4 46 12 ... 54 42 37]
 ...
 [ 5 34 12 ... 39 30 28]
 [ 5 31 15 ... 39 32 30]
 [ 2 33 21 ... 32 29 27]]","[ 5 42 12 19  9 70 61 56 38 30 27  5 64 53 21 13 42 81 32 11 59 78 24 22
  8 40 52 15 64 31 51 44 46 54 11 34 40 56  5 17 33 12 51 64 61 55 78 57
 53 71 45 44 47 55 55 57 64  0  3 19  0 47  2 14 38 13 54 51  1 31 52 66
 35 41 49  3 14 27 32 39 32 27]","[57 60 68 62 58 75  0 38 11 24  4 19 34 41  2 15 65 76 63 27 39  3 59 14
 23 22 77 81 10  9 29 69 78 80 18 40 35 72 64  8 79 25 36 73  1 16 31 51
 50 32 52 61 74 30 67 42 26 70 48 13 66 33 54 45 53 37  7 55 47 20  6 44
 43 28 56 12 71  5 49 46 21 17]"
VideoClipVLM,"{'path': 'video_clip/MMPT_updated/projects/retri/videoclip/how2.yaml', 'num_seconds': 7, 'sample_strat': 'start'}",500p,2,7,11,21,50,39.58536585365854,43.0,"[[57 60 68 ... 21 46 17]
 [57 68 60 ... 21 46 17]
 [57 39 68 ... 21 46 17]
 ...
 [57 60 68 ... 12 54 17]
 [57 11 68 ... 55 12 17]
 [57 60 68 ... 55 54 17]]","[[ 4 47 15 ... 51 39 34]
 [ 4 43 14 ... 48 36 29]
 [ 4 46 11 ... 53 40 35]
 ...
 [ 5 34 15 ... 40 32 29]
 [ 5 33 14 ... 45 32 30]
 [ 5 32 23 ... 37 30 29]]","[ 4 43 11 24  9 69 59 56 48 34 27  6 73 61 18 11 41 81 34 11 57 78 23 21
  8 43 52 11 65 32 48 47 46 57 11 30 38 63  5 17 33 18 51 74 58 55 78 54
 58 72 48 44 54 52 55 58 64  0  4 12  0 54  3 23 40 12 59 52  2 29 51 70
 51 46 62  4 23 38 30 40 32 29]","[60 57 68 62 58  0 75 38 11 24  4 27 19  2 34 15 59 65 39 41 14 23 76 22
 63  3 10 69 81 78 35 29 80 40 18  9 36 77 64 79 16 25  1 51 73 32 31 30
  8 50 42 72 70 67 26 53 61 52 47 45 54  7 20 33 44 55 48 66  6 13 74 37
 56 28  5 71 49 12 43 46 21 17]"
VideoClipVLM,"{'path': 'video_clip/MMPT_updated/projects/retri/videoclip/how2.yaml', 'num_seconds': 7, 'sample_strat': 'spread'}",500p,2,7,12,22,52,39.207317073170735,41.5,"[[57 68 60 ... 71 46 17]
 [57 39 60 ... 21 46 17]
 [57 39 68 ... 21 46 17]
 ...
 [57 60 68 ... 12 54 17]
 [57 11 68 ... 55 12 17]
 [57 60 68 ... 54 55 17]]","[[ 4 45 13 ... 53 39 35]
 [ 4 43 13 ... 47 36 28]
 [ 4 45 12 ... 53 38 36]
 ...
 [ 5 35 15 ... 40 32 30]
 [ 5 32 15 ... 39 31 30]
 [ 4 33 20 ... 37 32 27]]","[ 4 43 12 24  8 68 61 56 45 31 29  5 73 60 27 12 39 81 33 11 58 78 22 19
  7 40 52 16 65 33 44 46 50 55  8 44 39 65  6 18 33 16 52 70 62 55 78 52
 57 72 49 44 51 53 56 61 64  0  2 20  0 49  2 11 44 12 64 53  1 23 41 68
 45 40 60  3 19 37 29 40 31 27]","[60 57 68 58 62 75  0 11 38 24  4 34 63 19 65  2 15 27 41 39 23 76 59 22
 69  3 81 14 78 10  9 80 40 29 18 77 36 16 79 73 25 70  1 51 30 35 64  8
 72 31 61 50 32 52 26 47 42 53 67 45 33  7 54 48 20 13 74  6 55 44 66 56
 28 37 71  5 43 49 12 21 46 17]"
VideoClipVLM,"{'path': 'video_clip/MMPT_updated/projects/retri/videoclip/how2.yaml', 'num_seconds': 8, 'sample_strat': 'center'}",500p,2,8,12,23,52,38.54878048780488,42.0,"[[57 60 68 ... 71 46 17]
 [57 68 39 ... 21 46 17]
 [57 39 68 ... 71 46 17]
 ...
 [57 68 11 ... 55 12 17]
 [57 68 60 ... 55 12 17]
 [57 60  0 ... 54 55 17]]","[[ 4 46 13 ... 53 40 34]
 [ 4 43 13 ... 49 36 30]
 [ 4 46 11 ... 53 40 36]
 ...
 [ 5 33 13 ... 40 30 29]
 [ 5 32 14 ... 40 33 30]
 [ 2 33 21 ... 32 29 27]]","[ 4 43 11 19  8 67 55 58 41 33 27  6 73 57 14 11 40 81 34 10 58 78 23 22
  7 41 52 17 66 28 48 42 45 54  8 33 39 57  4 18 33 17 53 70 64 56 78 55
 57 72 47 44 54 53 54 59 64  0  4 14  0 51  2 19 41 10 60 52  1 26 45 67
 42 41 55  3 22 32 30 40 33 27]","[57 60 68 62 75  0 38 58 11 24  4 34 19 65  2 15 59 14 41 27 39 63  3 23
 76 22 69 81 10 29 78 77 40  9 80 35 18 36 16 79  8 64 73 25 31 72  1 51
 70 32 50 30 61 26 67 53 42 54 33 52  6 47 74 45 13 37 48 20  7 55 66 44
 56 28  5 71 43 49 12 46 21 17]"
VideoClipVLM,"{'path': 'video_clip/MMPT_updated/projects/retri/videoclip/how2.yaml', 'num_seconds': 8, 'sample_strat': 'start'}",500p,2,7,11,21,51,39.41463414634146,42.5,"[[57 60 68 ... 71 46 17]
 [57 60 68 ... 21 46 17]
 [57 39 68 ... 21 46 17]
 ...
 [57 60 68 ... 55 12 17]
 [57 11 68 ... 55 12 17]
 [57 60 68 ... 55 54 17]]","[[ 4 46 14 ... 53 39 34]
 [ 4 43 14 ... 47 36 27]
 [ 3 46 11 ... 55 40 36]
 ...
 [ 5 34 15 ... 39 32 29]
 [ 5 33 14 ... 44 32 29]
 [ 5 32 23 ... 37 30 29]]","[ 4 43 11 23  9 69 62 56 48 33 29  6 73 61 17 11 40 81 34 11 58 78 23 22
  8 43 52 12 66 29 45 47 47 54 10 32 38 63  5 18 33 18 51 73 61 55 78 53
 58 72 48 44 57 52 55 58 64  0  4 11  0 54  3 22 40 12 60 53  2 27 46 66
 50 43 63  3 23 37 30 39 32 29]","[57 60 68 75 62  0 58 38 11 24  4 34 19 15 59  2 65 27 14 41 39 63 23  3
 22 76 69 29 81 10 78 80 35  9 40 18 77 36 79 64 16  1 25 73 51 30 70 32
 31  8 50 72 42 26 53 67 47 33 61 45 54  7 52 55 20 48 66 44 13  6 74 37
 56 28 71  5 49 12 43 46 21 17]"
VideoClipVLM,"{'path': 'video_clip/MMPT_updated/projects/retri/videoclip/how2.yaml', 'num_seconds': 8, 'sample_strat': 'spread'}",500p,2,7,12,21,51,39.30487804878049,43.0,"[[57 60 68 ... 71 46 17]
 [57 39 68 ... 21 46 17]
 [57 68 39 ... 71 46 17]
 ...
 [57 60 68 ... 54 12 17]
 [57 68 60 ... 55 12 17]
 [57 60 68 ... 54 55 17]]","[[ 4 45 14 ... 53 39 34]
 [ 4 42 14 ... 48 36 30]
 [ 4 49 10 ... 56 43 36]
 ...
 [ 5 35 15 ... 39 32 29]
 [ 5 31 15 ... 39 32 30]
 [ 4 33 20 ... 37 32 27]]","[ 4 42 10 25  7 67 63 58 48 32 27  5 75 62 23 11 42 81 33 11 61 78 23 22
  8 42 52 16 68 30 43 37 45 54  9 45 39 62  5 17 33 18 51 70 61 55 78 54
 57 71 50 44 51 54 55 57 64  0  4 16  0 51  2 13 43 11 63 52  1 31 43 68
 45 42 60  3 22 36 32 39 32 27]","[57 60 68 62 75 58  0 38 11  4 24 34  2 65 15 19 63 59 27 39 41 76 23 14
 22  3 81 10 29 69 78  9 80 40 18 77 31 79 36  1 73 16 25 70 64 30 51 32
 72 35  8 50 42 52 61 26 67 47 53 33 54 45 48 55  7 74 44 20 37 13 66  6
 56  5 71 28 43 49 12 21 46 17]"
VideoClipVLM,"{'path': 'video_clip/MMPT_updated/projects/retri/videoclip/how2.yaml', 'num_seconds': 9, 'sample_strat': 'center'}",500p,2,6,11,22,54,38.59756097560975,41.0,"[[57 60 68 ... 21 46 17]
 [57 39 60 ... 21 46 17]
 [57 39  0 ... 71 46 17]
 ...
 [57 60 68 ... 55 12 17]
 [57 68 11 ... 55 12 17]
 [57 60  0 ... 54 55 17]]","[[ 5 44 14 ... 51 36 33]
 [ 4 43 13 ... 47 30 26]
 [ 2 46 11 ... 54 41 36]
 ...
 [ 5 35 13 ... 39 29 28]
 [ 5 32 14 ... 38 31 29]
 [ 2 33 21 ... 32 29 27]]","[ 5 43 11 20  7 70 63 56 39 29 27  5 73 56 27 12 43 81 34 10 60 77 23 23
  8 41 52 18 64 34 48 40 44 55 11 37 39 59  5 18 33 18 53 70 62 56 78 54
 57 71 49 44 48 54 53 56 64  0  3 19  0 45  2 16 41 10 53 52  1 23 47 66
 40 41 63  3 14 28 32 39 31 27]","[60 57 68 62 58 75 38 11  0  4 24 19 65 34  2 15 76 63 41 39 27 59  3 69
 22 23 81 14 10 77  9 80 78 40 18 29 35 36  8 79 72 31 64 73 25  1 16 32
 51 61 70 30 52 50 26 67 54 66 42 47 53 33  7 45 13 55 48 37 20 44  6 74
 56 28 71 43  5 49 12 21 46 17]"
VideoClipVLM,"{'path': 'video_clip/MMPT_updated/projects/retri/videoclip/how2.yaml', 'num_seconds': 9, 'sample_strat': 'start'}",500p,2,7,13,20,52,39.15853658536585,41.5,"[[57 60 68 ... 71 46 17]
 [57 60 68 ... 21 46 17]
 [57 39 68 ... 71 46 17]
 ...
 [57 60 68 ... 55 12 17]
 [57 68 11 ... 55 12 17]
 [57 60 68 ... 55 54 17]]","[[ 4 46 13 ... 53 40 33]
 [ 4 43 14 ... 47 36 27]
 [ 4 45 11 ... 55 40 36]
 ...
 [ 5 34 15 ... 40 32 29]
 [ 5 31 14 ... 40 32 29]
 [ 5 32 23 ... 37 30 29]]","[ 4 43 11 22  9 68 62 58 44 32 28  6 74 62 20 12 40 81 34 10 58 78 23 22
  7 42 52 18 66 26 44 44 45 52  8 33 38 62  5 18 33 18 53 73 64 55 78 53
 58 72 49 44 55 53 51 60 64  0  4 12  0 53  2 21 41  9 62 53  1 28 39 68
 45 42 63  3 21 37 30 40 32 29]","[57 60 68 62 75  0 58 38 11 24 34  4 65 19  2 15 59 27 41 39 14 63 76 23
  3 22 29 69 10 81 78  9 80 40 35 18 77 36 70 79 16 64 25 73  1  8 51 30
 31 32 72 50 54 33 26 42 53 67 61 47 52 45  7 20 48 55  6 37 66 13 74 44
 56 28 71  5 49 43 12 21 46 17]"
VideoClipVLM,"{'path': 'video_clip/MMPT_updated/projects/retri/videoclip/how2.yaml', 'num_seconds': 9, 'sample_strat': 'spread'}",500p,2,7,11,22,51,39.109756097560975,41.0,"[[57 39 60 ... 71 46 17]
 [57 39 68 ... 21 46 17]
 [57 39 68 ... 71 46 17]
 ...
 [57 60 68 ... 54 12 17]
 [57 68 60 ... 55 12 17]
 [57 60 68 ... 54 55 17]]","[[ 4 45 13 ... 53 39 35]
 [ 4 45 12 ... 49 36 30]
 [ 4 46 11 ... 56 42 36]
 ...
 [ 5 34 15 ... 39 30 29]
 [ 5 31 15 ... 38 33 30]
 [ 4 33 20 ... 37 32 27]]","[ 4 45 11 25  7 73 61 56 40 30 28  5 75 60 27 12 40 81 31 12 59 78 23 20
  9 42 52 18 65 26 53 43 46 55 10 38 38 57  7 19 33 18 52 70 58 56 78 54
 57 70 54 44 50 54 54 59 64  0  4 12  0 47  2 12 41 12 62 53  2 28 47 68
 43 40 63  3 16 37 28 39 33 27]","[60 57 68 62 75  0 58 11  4 38 24 34  2 19 15 59 65 63 76 41 27 39 23 22
  3 29 81 14 78 69 10  9 18 40 80 77 35 36 79 73  8 16 64 25 31 72 51  1
 32 61 70 52 42 26 67 30 54 53 47 50 33 45  7 37 48 44 20 55 13  6 66 74
 56 28 71 49 43  5 12 46 21 17]"
VideoClipVLM,"{'path': 'video_clip/MMPT_updated/projects/retri/videoclip/how2.yaml', 'num_seconds': 10, 'sample_strat': 'center'}",500p,2,6,14,21,51,39.09756097560975,41.0,"[[57 60 68 ... 71 46 17]
 [57 68 39 ... 21 46 17]
 [57 39 68 ... 71 46 17]
 ...
 [57 60 68 ... 55 12 17]
 [57 68 11 ... 55 12 17]
 [57 60  0 ... 54 55 17]]","[[ 4 45 13 ... 53 39 33]
 [ 4 44 12 ... 49 36 30]
 [ 4 47  9 ... 56 43 36]
 ...
 [ 5 34 14 ... 40 32 30]
 [ 5 31 14 ... 38 32 30]
 [ 2 33 21 ... 32 29 27]]","[ 4 44  9 25  7 66 62 59 44 31 29  6 74 62 22 11 40 81 34 11 58 78 22 23
  6 42 52 18 68 27 44 43 47 53  9 35 35 63  5 17 33 19 53 72 68 55 78 54
 58 71 50 44 53 53 51 60 64  0  5 13  0 53  2 20 41  8 62 53  1 27 36 68
 44 40 62  3 17 37 31 40 32 27]","[60 57 68 62 75  0 38 58 24 11  4 65 34  2 19 15 59 39 76 27 41 63 22 14
 23  3 29 69 81 10  9 78 80 40 18 35 36 70 77 16 73 79 64 25 31 30 72 51
  1  8 32 50 54 26 52 33 42 53 61 67 47 45 48 20  7 55 66  6 13 74 37 56
  5 28 44 71 49 43 12 21 46 17]"
VideoClipVLM,"{'path': 'video_clip/MMPT_updated/projects/retri/videoclip/how2.yaml', 'num_seconds': 10, 'sample_strat': 'start'}",500p,2,6,14,21,51,39.1219512195122,41.0,"[[57 60 68 ... 71 46 17]
 [57 68 39 ... 21 46 17]
 [57 39 68 ... 71 46 17]
 ...
 [57 60 68 ... 55 12 17]
 [57 68 11 ... 55 12 17]
 [57 60 68 ... 55 54 17]]","[[ 4 45 13 ... 53 39 33]
 [ 4 44 12 ... 49 36 30]
 [ 4 47  9 ... 56 43 36]
 ...
 [ 5 34 14 ... 40 32 30]
 [ 5 31 14 ... 38 32 30]
 [ 5 32 23 ... 37 30 29]]","[ 4 44  9 25  7 66 62 59 44 31 29  6 74 62 22 11 40 81 34 11 58 78 22 23
  6 42 52 18 68 27 44 43 47 53  9 35 35 63  5 17 33 19 53 72 68 55 78 54
 58 71 50 44 53 53 51 60 64  0  5 13  0 53  2 20 41  8 62 53  1 27 36 68
 44 40 62  3 17 37 31 40 32 29]","[60 57 68 62 75  0 38 58 24 11  4 65 34  2 19 15 59 39 76 27 41 63 22 14
 23  3 29 69 81 10  9 78 80 40 18 35 36 70 77 16 73 79 64 25 31 30 72 51
  1  8 32 50 54 26 52 33 42 53 61 67 47 45 48 20  7 55 66  6 13 74 37 56
  5 28 44 71 49 43 12 21 46 17]"
VideoClipVLM,"{'path': 'video_clip/MMPT_updated/projects/retri/videoclip/how2.yaml', 'num_seconds': 10, 'sample_strat': 'spread'}",500p,2,6,14,21,51,39.09756097560975,41.0,"[[57 60 68 ... 71 46 17]
 [57 68 39 ... 21 46 17]
 [57 39 68 ... 71 46 17]
 ...
 [57 60 68 ... 55 12 17]
 [57 68 11 ... 55 12 17]
 [57 60 68 ... 54 55 17]]","[[ 4 45 13 ... 53 39 33]
 [ 4 44 12 ... 49 36 30]
 [ 4 47  9 ... 56 43 36]
 ...
 [ 5 34 14 ... 40 32 30]
 [ 5 31 14 ... 38 32 30]
 [ 4 33 20 ... 37 32 27]]","[ 4 44  9 25  7 66 62 59 44 31 29  6 74 62 22 11 40 81 34 11 58 78 22 23
  6 42 52 18 68 27 44 43 47 53  9 35 35 63  5 17 33 19 53 72 68 55 78 54
 58 71 50 44 53 53 51 60 64  0  5 13  0 53  2 20 41  8 62 53  1 27 36 68
 44 40 62  3 17 37 31 40 32 27]","[60 57 68 62 75  0 38 58 24 11  4 65 34  2 19 15 59 39 76 27 41 63 22 14
 23  3 29 69 81 10  9 78 80 40 18 35 36 70 77 16 73 79 64 25 31 30 72 51
  1  8 32 50 54 26 52 33 42 53 61 67 47 45 48 20  7 55 66  6 13 74 37 56
  5 28 44 71 49 43 12 21 46 17]"
ClipVLM,"{'path': 'openai/clip-vit-base-patch32', 'num_frames': 1, 'sample_strat': 'uniform'}",500p,1,5,10,17,53,40.18292682926829,39.5,"[[ 4 69 68 ... 40 46 43]
 [69  4 68 ... 40 43 46]
 [69 68  4 ... 40 46 43]
 ...
 [57 59 69 ... 43 46 40]
 [57 69 68 ... 43 46 40]
 [57 59 69 ... 43 40 46]]","[[17 46 12 ... 63 58 50]
 [17 48 10 ... 60 56 47]
 [17 45 12 ... 60 57 49]
 ...
 [21 51 14 ... 66 60 38]
 [18 52 15 ... 66 59 38]
 [22 52 13 ... 76 63 42]]","[17 48 12 21  3 15 77  9  5 22 41 23 55 64 30 35  5 59 40 20 37 58 35 42
 18 33 73 15 24 24 31 73 67 67 12 66 63 69 33 24 73 24 37 80 78 23 81 42
 25 60 73 65 24 21 61 49 41  7 47 22  3 22 16 42 68 34 57 59  0  1 23 61
 55  4 53 49  8 42 51 66 59 42]","[68 69 60  4 73  8 16 57 76  7  2 34  5 27 62  0 24 19 53  3 59  9 61 70
 11 45 39 41 52 28 29 48 14 30 38 25 65 22 15 20 42 18 56 10 77 63 47 81
 23 58  1 75 55 78 74 72 12 66 21 80 67 17 49 54 71 36 13 51 35 79 33 32
 64 37 40 26 31 50  6 44 43 46]"
ClipVLM,"{'path': 'openai/clip-vit-base-patch32', 'num_frames': 2, 'sample_strat': 'uniform'}",500p,0,6,11,18,54,40.41463414634146,37.0,"[[ 4 57 68 ...  6 43 46]
 [57  4 68 ...  6 43 46]
 [ 4 57 68 ... 44 46 43]
 ...
 [57 59  8 ... 64 43 46]
 [57 59 68 ... 64 43 46]
 [57 59 68 ... 64 43 46]]","[[21 47 10 ... 63 59 49]
 [22 48 10 ... 61 56 47]
 [19 46 11 ... 63 60 48]
 ...
 [21 53 14 ... 66 59 38]
 [18 53 14 ... 70 60 40]
 [21 51  9 ... 77 63 42]]","[21 48 11 17  3 10 79  9  3 22 43 24 65 66 21 35  7 52 33 24 35 64 36 36
 21 34 75 15 27 33 34 75 74 70  5 70 71 67 33 27 33 27 41 80 79 21 81 46
 40 69 75 67 17 22 60 53 46  3 47 15  4 22 13 43 73 34 57 58  1  2 21 62
 55  8 54 46  6 42 46 66 60 42]","[68 69 57  4  8 60 34 76 16 73  7  5  2 62 27 59 52  3 14 45 24  0 70  9
 61 53 11 19 41 28 39 38 40 18 29 30 65 25 15 20 22 23 48 42 81 77 10 63
 47 78 56 75 58  1 17 55 74 72 66 67 54 80 71 21 12 79 13 51 37 49 33 35
 36 64 32 26 31 50 44  6 43 46]"
ClipVLM,"{'path': 'openai/clip-vit-base-patch32', 'num_frames': 3, 'sample_strat': 'uniform'}",500p,1,5,9,19,52,40.5,39.5,"[[68 69 57 ... 64 43 46]
 [68 69  4 ...  6 43 46]
 [69 68  4 ...  6 43 46]
 ...
 [57 59 68 ... 64 43 46]
 [57 59 69 ... 64 43 46]
 [57 59 69 ... 64 43 46]]","[[24 46 12 ... 61 58 49]
 [24 48 11 ... 61 53 47]
 [23 46 12 ... 64 59 47]
 ...
 [22 55 16 ... 67 59 37]
 [20 53 17 ... 74 62 40]
 [22 52 15 ... 77 63 36]]","[24 48 12 21  3 13 79 10  3 21 42 22 62 65 21 35  8 55 40 24 35 61 37 42
 18 32 74 17 27 28 31 73 70 70 12 66 68 67 32 27 51 25 40 80 79 22 81 45
 36 67 76 66 21 22 62 52 46  6 47 17  3 19 14 42 70 31 56 58  0  1 19 62
 55  7 54 46  8 43 50 67 62 36]","[68 69 60  8  4 57 73 76 16  7 34  2  5 62 27 59 24 70 61  9  3 14 52 53
 45 11  0 19 41 28 39 29 30 65 25 38 20 15 48 81 22 42 18 10 63 23 77 47
 75 56 58  1 78 40 55 74 72 17 66 67 21 71 12 54 80 13 35 51 49 37 79 36
 32 64 33 31 26 50 44  6 43 46]"
ClipVLM,"{'path': 'openai/clip-vit-base-patch32', 'num_frames': 4, 'sample_strat': 'uniform'}",500p,1,4,9,19,52,40.78048780487805,38.5,"[[68 57  4 ...  6 43 46]
 [68 57  4 ...  6 43 46]
 [68  4 57 ...  6 43 46]
 ...
 [57 59 68 ... 64 43 46]
 [57 59 68 ... 40 43 46]
 [57 59 68 ... 64 43 46]]","[[24 47 12 ... 61 58 48]
 [22 48 11 ... 61 57 46]
 [22 46 11 ... 62 59 47]
 ...
 [23 54 17 ... 68 61 36]
 [21 54 16 ... 70 63 36]
 [21 52 11 ... 75 64 38]]","[24 48 11 20  7 14 79  9  4 20 44 24 63 64 21 35  8 54 39 21 35 60 36 41
 17 33 74 16 26 29 35 74 73 71 10 66 65 66 33 26 59 26 36 80 79 22 81 42
 37 69 76 67 18 22 62 54 47  6 43 16  3 21 17 41 73 35 58 58  0  1 19 61
 55  6 54 47 10 43 54 68 63 38]","[68 69 60  8 57 73  4 16  7 76 34  2  5 27 59 62 24 52 70  9  3 14 19 61
 45 53 11  0 41 39 28 29 25 38 30 65 15 20 22 42 48 81 18 23 63 47 77 58
 10 75 56  1 17 55 78 74 72 67 66 40 21 71 54 12 80 13 36 37 35 51 79 49
 33 32 64 26 31 50 44  6 43 46]"
ClipVLM,"{'path': 'openai/clip-vit-base-patch32', 'num_frames': 6, 'sample_strat': 'uniform'}",500p,1,5,10,18,52,40.51219512195122,39.0,"[[68  4 57 ... 64 43 46]
 [68  4 57 ...  6 43 46]
 [68  4 57 ... 44 43 46]
 ...
 [57 59 68 ... 64 43 46]
 [57 59 68 ... 64 43 46]
 [57 59 68 ... 64 43 46]]","[[20 47 11 ... 63 60 48]
 [23 48 11 ... 61 59 46]
 [21 46 11 ... 62 60 47]
 ...
 [23 54 16 ... 68 63 38]
 [18 54 15 ... 69 62 36]
 [20 53 12 ... 75 64 39]]","[20 48 11 21  4 12 79  9  5 22 41 23 60 64 21 35  4 54 38 23 35 62 36 38
 18 34 74 17 26 28 34 73 73 70  9 68 67 66 34 25 50 31 37 80 79 22 81 44
 38 68 75 66 18 23 63 52 46  5 41 15  3 20 13 41 72 36 58 58  0  2 21 62
 55  8 55 47 11 42 52 68 62 39]","[68 69 60 16  4  8 57 73 34  7 76  2  5 62 59 27 52 24 61  0 14  3 70 45
  9 53 19 11 39 28 29 41 38 25 30 20 15 65 22 42 48 18 23 81 63 58 10 77
 47 56 75  1 40 55 78 17 72 74 67 66 12 71 21 80 54 13 51 37 36 35 79 49
 33 64 31 32 26 50  6 44 43 46]"
ClipVLM,"{'path': 'openai/clip-vit-base-patch32', 'num_frames': 8, 'sample_strat': 'uniform'}",500p,1,5,10,19,53,40.573170731707314,40.0,"[[68  4 57 ... 64 43 46]
 [68 57  4 ...  6 43 46]
 [68  4 57 ...  6 43 46]
 ...
 [59 57 68 ... 64 43 46]
 [59 57 68 ... 64 43 46]
 [59 57 68 ... 64 43 46]]","[[20 47 11 ... 62 58 48]
 [23 48 11 ... 61 54 46]
 [22 46 11 ... 62 59 47]
 ...
 [21 54 15 ... 69 62 39]
 [18 53 16 ... 70 61 38]
 [19 53 14 ... 76 64 40]]","[20 48 11 21  4 14 79 10  4 22 43 22 61 63 21 36  7 56 40 24 35 63 36 41
 17 34 75 17 27 29 32 73 73 70  6 67 68 66 33 25 47 27 38 80 79 22 81 44
 36 68 75 67 18 23 64 52 46  6 45 13  3 21 16 40 71 36 57 58  0  1 18 62
 54  8 55 47  9 43 52 69 61 40]","[68 69 60  4  8 57 34 16 73 76  7  2 59  5 62 27 24 70 52  0 61  3 14 45
 11  9 53 19 39 41 28 29 30 38 25 20 22 48 65 15 42 63 81 18 23 77 10 47
 58 56 40 75  1 55 78 72 74 17 66 67 80 12 71 13 21 54 37 35 51 49 36 79
 33 64 31 32 26 50  6 44 43 46]"
ClipVLM,"{'path': 'openai/clip-vit-base-patch32', 'num_frames': 10, 'sample_strat': 'uniform'}",500p,1,5,11,18,52,40.64634146341464,39.5,"[[68 57  4 ... 64 43 46]
 [68 57  4 ...  6 43 46]
 [68  4 57 ...  6 43 46]
 ...
 [57 59 68 ... 64 43 46]
 [57 59 68 ... 64 43 46]
 [57 59 68 ... 64 43 46]]","[[24 47 11 ... 61 58 48]
 [23 48 11 ... 61 55 47]
 [22 46 11 ... 62 59 47]
 ...
 [21 54 16 ... 68 62 37]
 [19 54 16 ... 70 61 38]
 [20 53 14 ... 75 64 42]]","[24 48 11 22  4 14 79  9  3 22 41 22 63 64 22 35  7 56 38 25 35 62 36 41
 17 34 74 16 27 30 32 74 72 70  6 66 68 67 34 25 55 25 39 80 79 22 81 44
 36 68 75 66 16 23 63 52 46  5 46 15  3 20 14 41 70 33 58 58  0  1 20 62
 55  8 55 47  9 43 52 68 61 42]","[68 69  8 60  4 57 34 16 73 76  7  2 62  5 59 27 52 24 61 70 14 11  9  3
 45 53  0 19 41 39 28 29 30 65 38 25 15 20 48 22 18 42 10 23 63 81 77 47
 58 56 75  1 78 55 40 72 74 17 66 67 80 21 71 12 54 13 35 51 37 79 36 49
 64 33 32 26 31 50 44  6 43 46]"
ClipVLM,"{'path': 'openai/clip-vit-base-patch32', 'num_frames': 20, 'sample_strat': 'uniform'}",500p,1,5,8,19,53,40.52439024390244,39.5,"[[68  4 57 ... 64 43 46]
 [68  4 57 ...  6 43 46]
 [68  4 69 ...  6 43 46]
 ...
 [59 57 68 ... 64 43 46]
 [59 57 68 ... 64 43 46]
 [59 57 68 ... 64 43 46]]","[[22 47 11 ... 61 60 48]
 [23 48 11 ... 61 57 46]
 [21 46 11 ... 62 59 47]
 ...
 [21 54 16 ... 68 62 38]
 [19 54 16 ... 70 61 37]
 [20 53 14 ... 76 64 39]]","[22 48 11 22  4 14 79 10  4 22 42 22 61 64 22 35  8 55 39 24 35 63 36 41
 17 34 74 17 26 30 33 73 72 70 10 65 66 66 33 25 48 26 38 80 79 22 81 44
 36 67 75 66 18 22 63 52 46  6 45 14  3 20 15 40 72 34 58 58  0  1 19 62
 55  7 55 47 10 43 52 68 61 39]","[68 69 60  8  4 57 73 16  7 76 34  2 59  5 62 24 27 52 70 61 53  0 45 11
  9  3 14 19 39 41 28 29 30 38 25 65 15 20 22 48 42 81 18 63 23 10 77 47
 58 56 75 40  1 55 78 72 17 74 67 66 80 12 71 21 54 13 35 37 36 51 49 79
 33 32 64 31 26 50  6 44 43 46]"
ClipVLM,"{'path': 'openai/clip-vit-base-patch32', 'num_frames': 50, 'sample_strat': 'uniform'}",500p,1,5,9,18,52,40.53658536585366,40.0,"[[68  4 57 ... 64 43 46]
 [68  4 57 ...  6 43 46]
 [68  4 69 ...  6 43 46]
 ...
 [59 57 68 ... 64 43 46]
 [57 59 68 ... 64 43 46]
 [57 59 68 ... 64 43 46]]","[[22 47 11 ... 62 60 48]
 [23 48 11 ... 61 56 46]
 [21 46 11 ... 62 59 47]
 ...
 [21 54 16 ... 68 62 38]
 [18 54 16 ... 70 62 37]
 [20 53 14 ... 76 64 39]]","[22 48 11 22  4 14 79 10  4 22 42 22 61 64 21 35  7 56 39 24 35 62 36 41
 17 34 74 17 26 29 33 74 71 70  8 65 68 66 33 25 50 25 39 80 79 22 81 44
 36 68 75 66 18 23 63 52 46  6 45 14  3 20 15 40 70 33 58 58  0  1 20 62
 55  8 55 47 10 43 52 68 62 39]","[68 69 60  4  8 57 16 73 34 76  7  2  5 59 62 24 27 52 61 70 14 11  9  3
 45  0 53 19 41 39 28 29 30 65 38 25 15 20 22 48 42 81 18 63 23 10 77 47
 58 56 75  1 40 55 78 74 72 17 67 66 12 71 21 80 54 13 35 37 51 79 36 49
 33 64 32 31 26 50  6 44 43 46]"
ClipVLM,"{'path': 'openai/clip-vit-base-patch32', 'num_frames': 100, 'sample_strat': 'uniform'}",500p,1,5,9,19,52,40.573170731707314,40.0,"[[68  4 57 ... 64 43 46]
 [68 57  4 ...  6 43 46]
 [68  4 69 ...  6 43 46]
 ...
 [59 57 68 ... 64 43 46]
 [57 59 68 ... 64 43 46]
 [59 57 68 ... 64 43 46]]","[[23 47 11 ... 61 60 48]
 [23 48 11 ... 61 56 46]
 [21 46 11 ... 62 59 47]
 ...
 [21 54 16 ... 68 62 38]
 [18 54 16 ... 70 62 37]
 [20 53 14 ... 76 64 39]]","[23 48 11 22  4 14 79 10  4 22 42 22 61 64 21 35  7 56 39 24 35 63 36 41
 17 34 74 16 26 29 33 74 71 70  9 65 66 66 33 25 51 26 39 80 79 22 81 44
 36 68 75 67 18 22 63 52 46  6 45 14  3 20 15 40 71 34 58 58  0  1 19 62
 55  8 55 47 10 43 52 68 62 39]","[68 69 60  4  8 57 16 73 34 76  7  2 59  5 62 27 24 52 70 61 14 45 11  9
 53  3  0 19 39 41 28 29 30 38 25 65 15 20 22 48 42 81 18 63 23 10 77 47
 58 56 75  1 40 55 78 72 74 17 67 66 12 71 80 21 54 13 35 37 36 51 79 49
 33 32 64 26 31 50  6 44 43 46]"
MILES_SimilarityVLM,{},500p,1,6,9,20,50,41.03658536585366,37.5,"[[68 70 62 ... 13 12 46]
 [68 62 70 ... 13 12 46]
 [68 70 62 ... 13 12 46]
 ...
 [62 68 70 ... 80 13 55]
 [62 68 70 ... 80 13 55]
 [62 68 70 ... 55 80 13]]","[[26 47  5 ... 76 77 38]
 [26 51  3 ... 77 75 38]
 [27 49  3 ... 78 75 36]
 ...
 [32 48  8 ... 78 79 54]
 [34 49  8 ... 78 79 55]
 [35 47 12 ... 77 80 50]]","[26 51  3  9 12 36 54 44 19 33  7 32 80 74 32 17 13 50 17 29 29 65 15  9
 23 37 64 20 25 34 24 69 67 68 46 71 76 67  4 14 71 15 58 46 68 52 81 72
 44 46 68 59 26 14 59 78 76  4 45 34 23 56  0 25 43 11 58 24  1 35  2 63
 56 31 54 19 23 30 41 78 79 50]","[62 68 70  2 38 57 10 23  3 65  4 16 39 53 41 22 15 18  8 75 27 24 76 60
 67 30 63 28 52  0 20 19 77 73 11 14  9 59 29 69  5 25 78 64  7 48 58 34
 43 49 81 17  1 45  6 74 72 61 66 42 51 54 71 26 21 37 32 44 33 50 31 35
 40 47 13 56 36 55 79 80 12 46]"
VideoClipVLM,"{'path': 'video_clip/MMPT_updated/projects/retri/videoclip/how2.yaml', 'num_seconds': 1, 'sample_strat': 'center'}",500p.text_overflow_1_1,1,5,13,23,56,37.64634146341464,35.5,"[[67 58 40 ... 55 46 50]
 [67 58 57 ... 46 50 55]
 [67 58 40 ... 32 50 55]
 ...
 [58 67 57 ... 54 50 55]
 [67 58 57 ... 49 50 55]
 [58 67 57 ... 50 54 55]]","[[10  8 14 ... 13 36 29]
 [14  8 15 ...  7 32 24]
 [19 12 24 ... 48 59 56]
 ...
 [ 9  3  5 ... 35 50 43]
 [ 8  4  9 ... 46 56 48]
 [ 9  5 10 ... 18 34 30]]","[10  8 24 38 30 16 39 44 75 45 24 18 27 25 13 14 56 55 42 42 71 66 46  8
 32 67 35 37 28 63 62 33 52 21 15 57 69 66 25 27 53  7 25 64 68 69 79 72
 76 78 71 57 44 74 66 73 11  9  1  8  6  1  2  0 35 41 27  1  9 11 17 25
 37 37 13  9 26 23 34 35 56 30]","[63 58 61 67 62 60 41  1 59 23 68 57 75  0 56 69 14 74 15 34  5 70 11 33
 77 10  2 38 71 13 42 76 39 66 12 28 81  4 24 31 78 64 79 26 27 72 73  3
  6 65 18 19  7 52  9 22 32 40 17 16 80 35 51 30 29 43 37 21 54 25 44 36
 45 50 20 47 55 53  8 48 49 46]"
VideoClipVLM,"{'path': 'video_clip/MMPT_updated/projects/retri/videoclip/how2.yaml', 'num_seconds': 1, 'sample_strat': 'start'}",500p.text_overflow_1_1,1,4,11,23,55,38.6219512195122,37.0,"[[67 40 58 ... 32 55 50]
 [67 58 68 ... 50 46 55]
 [40 67 58 ... 32 50 55]
 ...
 [67 58 57 ... 53 54 55]
 [58 57 67 ... 49 50 55]
 [67 58 57 ... 46 54 55]]","[[16 13 24 ... 39 56 49]
 [14  9 22 ... 20 41 28]
 [22 16 28 ... 50 67 57]
 ...
 [14 12 24 ... 20 41 34]
 [ 9  4  7 ... 40 50 45]
 [14 13 28 ... 25 44 38]]","[16  9 28 54 28  8 45 41 76 59 29 25 22 47 19 17 43 55 50 48 72 63 41  9
 28 34 35 43 61 54 50 18 59 13 17 31 52 51 24 45 46 11 27 66 49 74 78 73
 78 80 79 57 54 71 69 78 12  1  2 28 17  0  4  6 53 35 39  8  6 19 18 32
 47 24 27  8 11 37 34 20 50 38]","[61 57 58 62 68 63  5 75 67  1 23 41 76 56 33  0 15 34 60 70 31 14 69 79
 12 38 73 11 42 74  4  2 59 24 10 35 71 25 78 65 26 77 81 66 22  7 27 16
  6 39 40 13 72 19 44 30 80 18 37 36 64 29  3 52 17 51  9 32 28 21 43 54
 53 20 47 45  8 55 48 46 50 49]"
VideoClipVLM,"{'path': 'video_clip/MMPT_updated/projects/retri/videoclip/how2.yaml', 'num_seconds': 1, 'sample_strat': 'spread'}",500p.text_overflow_1_1,1,4,11,23,55,38.6219512195122,37.0,"[[67 40 58 ... 32 55 50]
 [67 58 68 ... 50 46 55]
 [40 67 58 ... 32 50 55]
 ...
 [67 58 57 ... 53 54 55]
 [58 57 67 ... 49 50 55]
 [67 58 57 ... 46 54 55]]","[[16 13 24 ... 39 56 49]
 [14  9 22 ... 20 41 28]
 [22 16 28 ... 50 67 57]
 ...
 [14 12 24 ... 20 41 34]
 [ 9  4  7 ... 40 50 45]
 [14 13 28 ... 25 44 38]]","[16  9 28 54 28  8 45 41 76 59 29 25 22 47 19 17 43 55 50 48 72 63 41  9
 28 34 35 43 61 54 50 18 59 13 17 31 52 51 24 45 46 11 27 66 49 74 78 73
 78 80 79 57 54 71 69 78 12  1  2 28 17  0  4  6 53 35 39  8  6 19 18 32
 47 24 27  8 11 37 34 20 50 38]","[61 57 58 62 68 63  5 75 67  1 23 41 76 56 33  0 15 34 60 70 31 14 69 79
 12 38 73 11 42 74  4  2 59 24 10 35 71 25 78 65 26 77 81 66 22  7 27 16
  6 39 40 13 72 19 44 30 80 18 37 36 64 29  3 52 17 51  9 32 28 21 43 54
 53 20 47 45  8 55 48 46 50 49]"
VideoClipVLM,"{'path': 'video_clip/MMPT_updated/projects/retri/videoclip/how2.yaml', 'num_seconds': 2, 'sample_strat': 'center'}",500p.text_overflow_1_1,3,6,11,27,50,38.14634146341464,34.0,"[[67 58 40 ... 32 50 55]
 [58 67 57 ... 53 50 55]
 [67 58 40 ... 53 32 55]
 ...
 [58 67 57 ... 50 49 55]
 [67 58 57 ... 49 50 55]
 [58 57 67 ... 53 54 55]]","[[16 17 33 ... 40 54 47]
 [10  8 21 ... 17 39 30]
 [18 14 36 ... 55 62 53]
 ...
 [ 8  3  7 ... 26 43 34]
 [ 8  3 13 ... 46 51 43]
 [ 7  4 11 ... 13 22 16]]","[16  8 36 38 31 17 40 50 71 55 25 19 29 34 11 14 62 67 53 45 71 58 47 13
 26 59 35 30 64 67 62 24 61 13 10 52 57 57 13 26 61 18 27 65 69 68 78 73
 77 79 70 57 64 75 68 73  6  3  2 13  8  0  3  0 51 35 24  0  9 12 19 16
 27 21 11  6 44 23 32 26 51 16]","[61 67 63 58 62 57 75 56  1 60 68 34 74 14 69 38 23 59 33 15 71  0 81  5
 41 70 11 73 77 31 66 10 79 39 24 42 72 12 27  4 78 13 26 65  2  3  6 76
 19 22  7 64 80 35 18  9 37 51 36 21 25 40 32 30 16 52 28 43 29 17 45 54
 44 50 20  8 47 55 53 48 46 49]"
VideoClipVLM,"{'path': 'video_clip/MMPT_updated/projects/retri/videoclip/how2.yaml', 'num_seconds': 2, 'sample_strat': 'start'}",500p.text_overflow_1_1,3,6,11,22,52,38.36585365853659,36.0,"[[67 58 57 ... 32 50 55]
 [67 58 68 ... 50 32 55]
 [58 67 40 ... 50 53 55]
 ...
 [58 67 57 ... 53 54 55]
 [67 58 57 ... 54 50 55]
 [67 58 57 ... 53 54 55]]","[[12  6 24 ... 28 47 43]
 [15 13 27 ... 36 52 42]
 [15 10 23 ... 37 55 48]
 ...
 [14 11 21 ... 22 43 35]
 [14  4 11 ... 41 54 46]
 [13 12 31 ... 16 32 24]]","[12 13 23 50 25 24 52 52 74 58 26 22 35 48 18 15 55 62 55 46 71 66 47 14
 32 37 35 26 57 55 52 21 57 12  8 30 28 47 17 35 57 19 30 67 53 74 77 73
 78 81 75 57 56 75 70 79  9  1  0 27 17  0  4  0 52 48 41  3  6 16 18 21
 44 21 21  7  5 36 34 22 54 24]","[58 63 61 57 67 62 76 68 75 34 56 33  0  1 23 15 69 38 60 14 70 41 71 73
 74 31 79 11  2 81  5  4 10 27 59 36 35 42 24 78 39 26 12 77 25 66 72 19
 37 22 65 13  3 64 30  7  6 44 80 29 18 16 52 40 51 32 28  9 17 21 43 54
 20 47  8 45 53 50 46 48 55 49]"
VideoClipVLM,"{'path': 'video_clip/MMPT_updated/projects/retri/videoclip/how2.yaml', 'num_seconds': 2, 'sample_strat': 'spread'}",500p.text_overflow_1_1,3,5,12,25,55,38.03658536585366,34.0,"[[67 58 40 ... 32 50 55]
 [58 67 57 ... 46 50 55]
 [67 58 40 ... 50 32 55]
 ...
 [58 67 57 ... 53 54 55]
 [58 67 57 ... 49 50 55]
 [67 58 57 ... 53 54 55]]","[[19 16 32 ... 40 55 48]
 [14  9 22 ... 19 41 33]
 [15 14 32 ... 52 60 57]
 ...
 [14 11 20 ... 23 44 36]
 [ 6  3  9 ... 40 45 38]
 [11  7 20 ... 22 42 33]]","[19  9 32 39 33 15 49 51 73 49 25 22 27 45 14 16 54 62 51 44 72 62 45 12
 26 43 35 30 55 55 57 22 58 13  6 33 48 55 15 32 57 18 31 66 65 72 78 73
 78 81 73 57 62 74 69 74  9  1  0  9 10  0  5  0 53 28 31  4  9 16 19 19
 41 22 18  8 34 29 40 23 45 33]","[58 61 63 57 67 62 34 75 68  1 56 59 60 23 33 14  5 38 15 69 74 41  0 70
 71 11 31 73 79 10 24 12 65 77 27 42 66 39  2 81 35  4 76 26  3 78 72 25
 19 13 22 80 36  6  9  7 18 64 16 29 28 37 40 30 51 32 17 52 21 44 43 54
 45 20 47 50  8 55 53 46 48 49]"
VideoClipVLM,"{'path': 'video_clip/MMPT_updated/projects/retri/videoclip/how2.yaml', 'num_seconds': 3, 'sample_strat': 'center'}",500p.text_overflow_1_1,2,4,12,29,53,37.5,33.0,"[[67 58 57 ... 32 50 55]
 [58 67 57 ... 53 50 55]
 [67 58 40 ... 50 32 55]
 ...
 [58 67 57 ... 49 54 55]
 [67 58 57 ... 50 49 55]
 [58 67 57 ... 53 54 55]]","[[14 15 29 ... 34 48 41]
 [10  6 17 ...  8 29 23]
 [15 13 34 ... 50 58 52]
 ...
 [ 9  3  8 ... 20 35 24]
 [11  4 15 ... 43 51 39]
 [ 7  4 11 ...  9 17 12]]","[14  6 34 32 32 32 48 53 75 45 28 17 40 30 16 15 69 70 53 44 71 62 48 15
 31 54 35 29 58 66 61 23 43 13 10 50 48 51 14 24 61 17 30 61 67 72 78 73
 75 80 70 57 65 77 69 79  9  7  1  7  5  0  5  0 28 57 11  1  7 14 18 15
 24 24 10  7 13 17 40 20 51 12]","[63 61 67 58 62 60  1 75 57 68 59 56 74 34 66 81 76 33 38 69  0 23 15 71
 14 41 77 11 70 79 31 72 73 39 10 64 27 13 42 24  3  5  4  2 26 78 12 32
 19  9 36  6 22 35 80 37 18  7 25 51 65 28 40 30 43 21 52 29 44 54 16 50
 17 20 45 47 48  8 53 46 55 49]"
VideoClipVLM,"{'path': 'video_clip/MMPT_updated/projects/retri/videoclip/how2.yaml', 'num_seconds': 3, 'sample_strat': 'start'}",500p.text_overflow_1_1,3,7,10,25,54,38.01219512195122,36.5,"[[67 58 57 ... 53 50 55]
 [67 58 57 ... 53 32 55]
 [58 67 57 ... 50 53 55]
 ...
 [58 67 57 ... 53 54 55]
 [67 58 57 ... 50 54 55]
 [67 58 57 ... 53 54 55]]","[[14 10 29 ... 30 46 38]
 [14 11 24 ... 32 48 41]
 [14 10 22 ... 39 52 45]
 ...
 [14  8 20 ... 22 40 31]
 [12  5 14 ... 34 51 37]
 [11  9 24 ... 16 30 22]]","[14 11 22 44 23 36 55 55 75 53 26 23 36 49 15 13 57 68 56 46 73 68 48 16
 38 42 35 26 54 57 50 23 40 11 12 24 27 47 14 35 57 22 34 65 63 75 76 73
 79 80 72 57 57 77 69 79  7  1  0 15 16  0  7  0 55 48 41  2  4 15 17 18
 40 16 18  7  3 25 33 22 51 22]","[58 61 63 57 67 76 68 62 56 75 33  1 34 15 38  0 14 59 69 73 60 23 70 71
 74 79 41 81  2 31  4 11 35 77 27 10 36 78 42 39 26  5 12 24 32 72 66 25
  3 19 37 22 65 13 30 80  9 28  7  6 64 18 40 29 52 51 16 44 43 17 21 54
 50 47 20  8 45 46 53 48 55 49]"
VideoClipVLM,"{'path': 'video_clip/MMPT_updated/projects/retri/videoclip/how2.yaml', 'num_seconds': 3, 'sample_strat': 'spread'}",500p.text_overflow_1_1,1,6,12,23,55,38.19512195121951,36.0,"[[58 67 57 ... 32 50 55]
 [67 58 57 ... 53 50 55]
 [67 58 40 ... 50 32 55]
 ...
 [58 67 57 ... 53 54 55]
 [67 58 57 ... 49 54 55]
 [67 58 57 ... 53 54 55]]","[[15 14 29 ... 38 55 48]
 [14 10 24 ... 18 38 27]
 [15 13 34 ... 53 61 57]
 ...
 [16  8 19 ... 21 40 32]
 [11  5 14 ... 35 46 34]
 [10  6 23 ... 17 37 27]]","[15 10 34 39 31 26 55 57 73 52 30 20 37 44 14 16 59 66 55 48 69 64 47 17
 30 39 35 32 65 58 59 22 46  9 10 36 43 50 13 29 57 20 33 60 66 73 77 73
 79 80 71 57 70 76 67 78  7  2  0  6 11  1  6  1 36 49 35  1  4 15 18 27
 37 30 14  7  8 23 27 21 46 27]","[58 63 67 61 57 68 62 59 56 75 76 33 34  1 60 38 74 14 69  0 15 23 70 41
 11 79 31 77  5 71 78 81 39 73 10 24  4 27 42  2 26 66 64 35 72 12  3 25
 36 13 32 80 22 19 65 37  9  6 18 51  7 40 29 30 16 43 21 28 44 17 54 20
 52 50 45  8 47 53 46 55 48 49]"
VideoClipVLM,"{'path': 'video_clip/MMPT_updated/projects/retri/videoclip/how2.yaml', 'num_seconds': 4, 'sample_strat': 'center'}",500p.text_overflow_1_1,2,4,12,24,55,38.14634146341464,34.0,"[[67 58 57 ... 32 50 55]
 [58 67 57 ... 53 50 55]
 [67 58 38 ... 32 50 55]
 ...
 [58 67 57 ... 49 54 55]
 [58 67 57 ... 50 49 55]
 [67 58 57 ... 53 54 55]]","[[15 17 34 ... 38 50 44]
 [15  9 22 ... 21 40 35]
 [14 13 29 ... 49 56 50]
 ...
 [ 9  4 10 ... 20 31 21]
 [ 9  4 13 ... 39 46 34]
 [10  7 26 ... 18 30 22]]","[15  9 29 30 34 36 51 58 72 50 27 19 38 37 13 12 67 71 55 47 71 60 48 15
 30 49 35 31 65 69 60 23 44 12 10 42 47 50 12 29 61 27 32 65 69 71 76 73
 77 78 70 57 71 77 68 78  9  6  2  6  9  2  9  0 39 44 23  0  9 12 22 16
 25 23 11  6 18 20 25 20 46 22]","[63 67 58 61 57 75 59  1 56 60 68 62 34 74 38 33 69 15 14 23  0 71 76 11
 77 79 70 81 66 31 73 72 78 10 41  2 39 24  3 27 42  4 26  5 13 12 64 35
 65 32 80 19 36 22 25  9 37  6 18 51  7 21 30 40 28 43 16 54 29 44 50 45
 17 52 20  8 47 46 53 48 55 49]"
VideoClipVLM,"{'path': 'video_clip/MMPT_updated/projects/retri/videoclip/how2.yaml', 'num_seconds': 4, 'sample_strat': 'start'}",500p.text_overflow_1_1,2,7,11,25,53,37.79268292682927,36.0,"[[67 58 57 ... 53 50 55]
 [58 67 57 ... 53 32 55]
 [58 67 57 ... 50 53 55]
 ...
 [67 58 57 ... 53 54 55]
 [67 58 57 ... 49 50 55]
 [67 58 57 ... 53 54 55]]","[[16 14 31 ... 32 47 40]
 [14 11 22 ... 31 47 40]
 [13 10 25 ... 42 52 47]
 ...
 [15  8 19 ... 21 39 31]
 [12  5 14 ... 37 50 36]
 [ 9  7 23 ... 14 28 20]]","[16 11 25 42 25 40 55 59 74 47 24 22 37 51 15 13 60 71 56 45 71 65 50 17
 35 42 35 27 61 61 52 23 38 10 11 25 25 48 11 32 57 25 34 65 67 74 76 73
 79 80 71 57 65 77 70 80  7  1  0  6 12  1  7  0 47 50 38  2  4 12 15 14
 39 13 18  7  3 22 31 21 50 20]","[58 63 57 61 67 76 68 59 62 56 75 33  1 38 34 60 69 15 73 71 70 14  0 23
 74 81 79 11 77 31 10  4  2 35 36 41 27 78 39 42 26 24 12 32 66 72  5  3
 25 19 64  9 37 80 22 65 13 30  6 18 40 51  7 16 28 29 21 52 43 44 54 17
 20 50 47 45  8 46 53 48 55 49]"
VideoClipVLM,"{'path': 'video_clip/MMPT_updated/projects/retri/videoclip/how2.yaml', 'num_seconds': 4, 'sample_strat': 'spread'}",500p.text_overflow_1_1,2,5,12,24,53,37.91463414634146,35.0,"[[67 58 57 ... 32 50 55]
 [58 67 57 ... 50 53 55]
 [67 58 57 ... 50 32 55]
 ...
 [58 67 57 ... 53 54 55]
 [67 58 57 ... 49 54 55]
 [67 58 57 ... 53 54 55]]","[[17 15 35 ... 41 55 48]
 [15  8 19 ... 17 35 29]
 [13 11 26 ... 47 56 49]
 ...
 [16  8 19 ... 22 40 32]
 [11  6 14 ... 26 36 25]
 [ 9  5 22 ... 13 37 29]]","[17  8 26 36 30 27 53 59 72 43 27 22 34 44 14 10 58 72 52 45 73 67 51 17
 33 53 35 34 55 59 56 21 44 12 10 30 44 54 13 30 57 27 29 55 66 73 77 73
 78 80 70 57 64 77 69 76  9  2  0  9  9  1  7  0 50 34 29  1  8 15 16 26
 38 25 16  7 16 19 35 22 36 29]","[58 63 61 67 57 75 62 68  1 56 59 60 15 34 33 38 14 69 70 74 76 23  0 77
 31 11 79 73  2 71  5 41 10 66 42 81 39  4 35 24 12 65 27 26 78  3 80 72
  9 13 36 32 19 64 22 18  6 25 37 28 43 30 51 40 16  7 29 52 44 21 54 50
 17  8 20 47 45 55 46 53 48 49]"
VideoClipVLM,"{'path': 'video_clip/MMPT_updated/projects/retri/videoclip/how2.yaml', 'num_seconds': 5, 'sample_strat': 'center'}",500p.text_overflow_1_1,1,5,13,26,54,37.86585365853659,35.0,"[[67 58 57 ... 32 50 55]
 [58 67 57 ... 53 50 55]
 [58 67 38 ... 50 32 55]
 ...
 [67 58 57 ... 49 54 55]
 [67 58 57 ... 49 54 55]
 [67 58 57 ... 53 54 55]]","[[15 14 32 ... 33 51 43]
 [16  9 20 ... 15 30 25]
 [13 11 29 ... 47 52 49]
 ...
 [12  4 11 ... 21 31 23]
 [10  5 14 ... 35 40 28]
 [ 8  5 19 ... 10 31 24]]","[15  9 29 30 36 45 54 59 71 43 29 18 44 35 16 10 69 74 55 46 69 62 53 16
 34 49 35 31 59 70 60 22 38 10  9 34 40 56 14 27 61 27 30 58 69 73 76 73
 77 79 68 57 66 77 67 79 12  3  1  7  9  1  7  0 40 51 12  1  7 13 22 19
 25 24 10  7  8 15 32 21 40 24]","[63 58 67 61 57 75 62 59 68 76 34  1 60 74 33 15 56 66 69 38  0 77 23 14
 11 71 79 70 31 73 81 72 39 41 10  2 42  3 27 78 35 24 13 26  4 32 64 36
 80  9 12  5 19 25 65 22  6 18 37 51 43  7 28 30 40 21 52 54 50 44 20 16
 29  8 47 45 17 46 48 53 55 49]"
VideoClipVLM,"{'path': 'video_clip/MMPT_updated/projects/retri/videoclip/how2.yaml', 'num_seconds': 1, 'sample_strat': 'center'}",500p.text_overflow_1_1,1,5,13,23,56,37.64634146341464,35.5,"[[67 58 40 ... 55 46 50]
 [67 58 57 ... 46 50 55]
 [67 58 40 ... 32 50 55]
 ...
 [58 67 57 ... 54 50 55]
 [67 58 57 ... 49 50 55]
 [58 67 57 ... 50 54 55]]","[[10  8 14 ... 13 36 29]
 [14  8 15 ...  7 32 24]
 [19 12 24 ... 48 59 56]
 ...
 [ 9  3  5 ... 35 50 43]
 [ 8  4  9 ... 46 56 48]
 [ 9  5 10 ... 18 34 30]]","[10  8 24 38 30 16 39 44 75 45 24 18 27 25 13 14 56 55 42 42 71 66 46  8
 32 67 35 37 28 63 62 33 52 21 15 57 69 66 25 27 53  7 25 64 68 69 79 72
 76 78 71 57 44 74 66 73 11  9  1  8  6  1  2  0 35 41 27  1  9 11 17 25
 37 37 13  9 26 23 34 35 56 30]","[63 58 61 67 62 60 41  1 59 23 68 57 75  0 56 69 14 74 15 34  5 70 11 33
 77 10  2 38 71 13 42 76 39 66 12 28 81  4 24 31 78 64 79 26 27 72 73  3
  6 65 18 19  7 52  9 22 32 40 17 16 80 35 51 30 29 43 37 21 54 25 44 36
 45 50 20 47 55 53  8 48 49 46]"
VideoClipVLM,"{'path': 'video_clip/MMPT_updated/projects/retri/videoclip/how2.yaml', 'num_seconds': 1, 'sample_strat': 'start'}",500p.text_overflow_1_1,1,4,11,23,55,38.6219512195122,37.0,"[[67 40 58 ... 32 55 50]
 [67 58 68 ... 50 46 55]
 [40 67 58 ... 32 50 55]
 ...
 [67 58 57 ... 53 54 55]
 [58 57 67 ... 49 50 55]
 [67 58 57 ... 46 54 55]]","[[16 13 24 ... 39 56 49]
 [14  9 22 ... 20 41 28]
 [22 16 28 ... 50 67 57]
 ...
 [14 12 24 ... 20 41 34]
 [ 9  4  7 ... 40 50 45]
 [14 13 28 ... 25 44 38]]","[16  9 28 54 28  8 45 41 76 59 29 25 22 47 19 17 43 55 50 48 72 63 41  9
 28 34 35 43 61 54 50 18 59 13 17 31 52 51 24 45 46 11 27 66 49 74 78 73
 78 80 79 57 54 71 69 78 12  1  2 28 17  0  4  6 53 35 39  8  6 19 18 32
 47 24 27  8 11 37 34 20 50 38]","[61 57 58 62 68 63  5 75 67  1 23 41 76 56 33  0 15 34 60 70 31 14 69 79
 12 38 73 11 42 74  4  2 59 24 10 35 71 25 78 65 26 77 81 66 22  7 27 16
  6 39 40 13 72 19 44 30 80 18 37 36 64 29  3 52 17 51  9 32 28 21 43 54
 53 20 47 45  8 55 48 46 50 49]"
VideoClipVLM,"{'path': 'video_clip/MMPT_updated/projects/retri/videoclip/how2.yaml', 'num_seconds': 1, 'sample_strat': 'spread'}",500p.text_overflow_1_1,1,4,11,23,55,38.6219512195122,37.0,"[[67 40 58 ... 32 55 50]
 [67 58 68 ... 50 46 55]
 [40 67 58 ... 32 50 55]
 ...
 [67 58 57 ... 53 54 55]
 [58 57 67 ... 49 50 55]
 [67 58 57 ... 46 54 55]]","[[16 13 24 ... 39 56 49]
 [14  9 22 ... 20 41 28]
 [22 16 28 ... 50 67 57]
 ...
 [14 12 24 ... 20 41 34]
 [ 9  4  7 ... 40 50 45]
 [14 13 28 ... 25 44 38]]","[16  9 28 54 28  8 45 41 76 59 29 25 22 47 19 17 43 55 50 48 72 63 41  9
 28 34 35 43 61 54 50 18 59 13 17 31 52 51 24 45 46 11 27 66 49 74 78 73
 78 80 79 57 54 71 69 78 12  1  2 28 17  0  4  6 53 35 39  8  6 19 18 32
 47 24 27  8 11 37 34 20 50 38]","[61 57 58 62 68 63  5 75 67  1 23 41 76 56 33  0 15 34 60 70 31 14 69 79
 12 38 73 11 42 74  4  2 59 24 10 35 71 25 78 65 26 77 81 66 22  7 27 16
  6 39 40 13 72 19 44 30 80 18 37 36 64 29  3 52 17 51  9 32 28 21 43 54
 53 20 47 45  8 55 48 46 50 49]"
VideoClipVLM,"{'path': 'video_clip/MMPT_updated/projects/retri/videoclip/how2.yaml', 'num_seconds': 2, 'sample_strat': 'center'}",500p.text_overflow_1_1,3,6,11,27,50,38.14634146341464,34.0,"[[67 58 40 ... 32 50 55]
 [58 67 57 ... 53 50 55]
 [67 58 40 ... 53 32 55]
 ...
 [58 67 57 ... 50 49 55]
 [67 58 57 ... 49 50 55]
 [58 57 67 ... 53 54 55]]","[[16 17 33 ... 40 54 47]
 [10  8 21 ... 17 39 30]
 [18 14 36 ... 55 62 53]
 ...
 [ 8  3  7 ... 26 43 34]
 [ 8  3 13 ... 46 51 43]
 [ 7  4 11 ... 13 22 16]]","[16  8 36 38 31 17 40 50 71 55 25 19 29 34 11 14 62 67 53 45 71 58 47 13
 26 59 35 30 64 67 62 24 61 13 10 52 57 57 13 26 61 18 27 65 69 68 78 73
 77 79 70 57 64 75 68 73  6  3  2 13  8  0  3  0 51 35 24  0  9 12 19 16
 27 21 11  6 44 23 32 26 51 16]","[61 67 63 58 62 57 75 56  1 60 68 34 74 14 69 38 23 59 33 15 71  0 81  5
 41 70 11 73 77 31 66 10 79 39 24 42 72 12 27  4 78 13 26 65  2  3  6 76
 19 22  7 64 80 35 18  9 37 51 36 21 25 40 32 30 16 52 28 43 29 17 45 54
 44 50 20  8 47 55 53 48 46 49]"
VideoClipVLM,"{'path': 'video_clip/MMPT_updated/projects/retri/videoclip/how2.yaml', 'num_seconds': 2, 'sample_strat': 'start'}",500p.text_overflow_1_1,3,6,11,22,52,38.36585365853659,36.0,"[[67 58 57 ... 32 50 55]
 [67 58 68 ... 50 32 55]
 [58 67 40 ... 50 53 55]
 ...
 [58 67 57 ... 53 54 55]
 [67 58 57 ... 54 50 55]
 [67 58 57 ... 53 54 55]]","[[12  6 24 ... 28 47 43]
 [15 13 27 ... 36 52 42]
 [15 10 23 ... 37 55 48]
 ...
 [14 11 21 ... 22 43 35]
 [14  4 11 ... 41 54 46]
 [13 12 31 ... 16 32 24]]","[12 13 23 50 25 24 52 52 74 58 26 22 35 48 18 15 55 62 55 46 71 66 47 14
 32 37 35 26 57 55 52 21 57 12  8 30 28 47 17 35 57 19 30 67 53 74 77 73
 78 81 75 57 56 75 70 79  9  1  0 27 17  0  4  0 52 48 41  3  6 16 18 21
 44 21 21  7  5 36 34 22 54 24]","[58 63 61 57 67 62 76 68 75 34 56 33  0  1 23 15 69 38 60 14 70 41 71 73
 74 31 79 11  2 81  5  4 10 27 59 36 35 42 24 78 39 26 12 77 25 66 72 19
 37 22 65 13  3 64 30  7  6 44 80 29 18 16 52 40 51 32 28  9 17 21 43 54
 20 47  8 45 53 50 46 48 55 49]"
VideoClipVLM,"{'path': 'video_clip/MMPT_updated/projects/retri/videoclip/how2.yaml', 'num_seconds': 2, 'sample_strat': 'spread'}",500p.text_overflow_1_1,3,5,12,25,55,38.03658536585366,34.0,"[[67 58 40 ... 32 50 55]
 [58 67 57 ... 46 50 55]
 [67 58 40 ... 50 32 55]
 ...
 [58 67 57 ... 53 54 55]
 [58 67 57 ... 49 50 55]
 [67 58 57 ... 53 54 55]]","[[19 16 32 ... 40 55 48]
 [14  9 22 ... 19 41 33]
 [15 14 32 ... 52 60 57]
 ...
 [14 11 20 ... 23 44 36]
 [ 6  3  9 ... 40 45 38]
 [11  7 20 ... 22 42 33]]","[19  9 32 39 33 15 49 51 73 49 25 22 27 45 14 16 54 62 51 44 72 62 45 12
 26 43 35 30 55 55 57 22 58 13  6 33 48 55 15 32 57 18 31 66 65 72 78 73
 78 81 73 57 62 74 69 74  9  1  0  9 10  0  5  0 53 28 31  4  9 16 19 19
 41 22 18  8 34 29 40 23 45 33]","[58 61 63 57 67 62 34 75 68  1 56 59 60 23 33 14  5 38 15 69 74 41  0 70
 71 11 31 73 79 10 24 12 65 77 27 42 66 39  2 81 35  4 76 26  3 78 72 25
 19 13 22 80 36  6  9  7 18 64 16 29 28 37 40 30 51 32 17 52 21 44 43 54
 45 20 47 50  8 55 53 46 48 49]"
VideoClipVLM,"{'path': 'video_clip/MMPT_updated/projects/retri/videoclip/how2.yaml', 'num_seconds': 3, 'sample_strat': 'center'}",500p.text_overflow_1_1,2,4,12,29,53,37.5,33.0,"[[67 58 57 ... 32 50 55]
 [58 67 57 ... 53 50 55]
 [67 58 40 ... 50 32 55]
 ...
 [58 67 57 ... 49 54 55]
 [67 58 57 ... 50 49 55]
 [58 67 57 ... 53 54 55]]","[[14 15 29 ... 34 48 41]
 [10  6 17 ...  8 29 23]
 [15 13 34 ... 50 58 52]
 ...
 [ 9  3  8 ... 20 35 24]
 [11  4 15 ... 43 51 39]
 [ 7  4 11 ...  9 17 12]]","[14  6 34 32 32 32 48 53 75 45 28 17 40 30 16 15 69 70 53 44 71 62 48 15
 31 54 35 29 58 66 61 23 43 13 10 50 48 51 14 24 61 17 30 61 67 72 78 73
 75 80 70 57 65 77 69 79  9  7  1  7  5  0  5  0 28 57 11  1  7 14 18 15
 24 24 10  7 13 17 40 20 51 12]","[63 61 67 58 62 60  1 75 57 68 59 56 74 34 66 81 76 33 38 69  0 23 15 71
 14 41 77 11 70 79 31 72 73 39 10 64 27 13 42 24  3  5  4  2 26 78 12 32
 19  9 36  6 22 35 80 37 18  7 25 51 65 28 40 30 43 21 52 29 44 54 16 50
 17 20 45 47 48  8 53 46 55 49]"
VideoClipVLM,"{'path': 'video_clip/MMPT_updated/projects/retri/videoclip/how2.yaml', 'num_seconds': 3, 'sample_strat': 'start'}",500p.text_overflow_1_1,3,7,10,25,54,38.01219512195122,36.5,"[[67 58 57 ... 53 50 55]
 [67 58 57 ... 53 32 55]
 [58 67 57 ... 50 53 55]
 ...
 [58 67 57 ... 53 54 55]
 [67 58 57 ... 50 54 55]
 [67 58 57 ... 53 54 55]]","[[14 10 29 ... 30 46 38]
 [14 11 24 ... 32 48 41]
 [14 10 22 ... 39 52 45]
 ...
 [14  8 20 ... 22 40 31]
 [12  5 14 ... 34 51 37]
 [11  9 24 ... 16 30 22]]","[14 11 22 44 23 36 55 55 75 53 26 23 36 49 15 13 57 68 56 46 73 68 48 16
 38 42 35 26 54 57 50 23 40 11 12 24 27 47 14 35 57 22 34 65 63 75 76 73
 79 80 72 57 57 77 69 79  7  1  0 15 16  0  7  0 55 48 41  2  4 15 17 18
 40 16 18  7  3 25 33 22 51 22]","[58 61 63 57 67 76 68 62 56 75 33  1 34 15 38  0 14 59 69 73 60 23 70 71
 74 79 41 81  2 31  4 11 35 77 27 10 36 78 42 39 26  5 12 24 32 72 66 25
  3 19 37 22 65 13 30 80  9 28  7  6 64 18 40 29 52 51 16 44 43 17 21 54
 50 47 20  8 45 46 53 48 55 49]"
VideoClipVLM,"{'path': 'video_clip/MMPT_updated/projects/retri/videoclip/how2.yaml', 'num_seconds': 3, 'sample_strat': 'spread'}",500p.text_overflow_1_1,1,6,12,23,55,38.19512195121951,36.0,"[[58 67 57 ... 32 50 55]
 [67 58 57 ... 53 50 55]
 [67 58 40 ... 50 32 55]
 ...
 [58 67 57 ... 53 54 55]
 [67 58 57 ... 49 54 55]
 [67 58 57 ... 53 54 55]]","[[15 14 29 ... 38 55 48]
 [14 10 24 ... 18 38 27]
 [15 13 34 ... 53 61 57]
 ...
 [16  8 19 ... 21 40 32]
 [11  5 14 ... 35 46 34]
 [10  6 23 ... 17 37 27]]","[15 10 34 39 31 26 55 57 73 52 30 20 37 44 14 16 59 66 55 48 69 64 47 17
 30 39 35 32 65 58 59 22 46  9 10 36 43 50 13 29 57 20 33 60 66 73 77 73
 79 80 71 57 70 76 67 78  7  2  0  6 11  1  6  1 36 49 35  1  4 15 18 27
 37 30 14  7  8 23 27 21 46 27]","[58 63 67 61 57 68 62 59 56 75 76 33 34  1 60 38 74 14 69  0 15 23 70 41
 11 79 31 77  5 71 78 81 39 73 10 24  4 27 42  2 26 66 64 35 72 12  3 25
 36 13 32 80 22 19 65 37  9  6 18 51  7 40 29 30 16 43 21 28 44 17 54 20
 52 50 45  8 47 53 46 55 48 49]"
VideoClipVLM,"{'path': 'video_clip/MMPT_updated/projects/retri/videoclip/how2.yaml', 'num_seconds': 4, 'sample_strat': 'center'}",500p.text_overflow_1_1,2,4,12,24,55,38.14634146341464,34.0,"[[67 58 57 ... 32 50 55]
 [58 67 57 ... 53 50 55]
 [67 58 38 ... 32 50 55]
 ...
 [58 67 57 ... 49 54 55]
 [58 67 57 ... 50 49 55]
 [67 58 57 ... 53 54 55]]","[[15 17 34 ... 38 50 44]
 [15  9 22 ... 21 40 35]
 [14 13 29 ... 49 56 50]
 ...
 [ 9  4 10 ... 20 31 21]
 [ 9  4 13 ... 39 46 34]
 [10  7 26 ... 18 30 22]]","[15  9 29 30 34 36 51 58 72 50 27 19 38 37 13 12 67 71 55 47 71 60 48 15
 30 49 35 31 65 69 60 23 44 12 10 42 47 50 12 29 61 27 32 65 69 71 76 73
 77 78 70 57 71 77 68 78  9  6  2  6  9  2  9  0 39 44 23  0  9 12 22 16
 25 23 11  6 18 20 25 20 46 22]","[63 67 58 61 57 75 59  1 56 60 68 62 34 74 38 33 69 15 14 23  0 71 76 11
 77 79 70 81 66 31 73 72 78 10 41  2 39 24  3 27 42  4 26  5 13 12 64 35
 65 32 80 19 36 22 25  9 37  6 18 51  7 21 30 40 28 43 16 54 29 44 50 45
 17 52 20  8 47 46 53 48 55 49]"
VideoClipVLM,"{'path': 'video_clip/MMPT_updated/projects/retri/videoclip/how2.yaml', 'num_seconds': 4, 'sample_strat': 'start'}",500p.text_overflow_1_1,2,7,11,25,53,37.79268292682927,36.0,"[[67 58 57 ... 53 50 55]
 [58 67 57 ... 53 32 55]
 [58 67 57 ... 50 53 55]
 ...
 [67 58 57 ... 53 54 55]
 [67 58 57 ... 49 50 55]
 [67 58 57 ... 53 54 55]]","[[16 14 31 ... 32 47 40]
 [14 11 22 ... 31 47 40]
 [13 10 25 ... 42 52 47]
 ...
 [15  8 19 ... 21 39 31]
 [12  5 14 ... 37 50 36]
 [ 9  7 23 ... 14 28 20]]","[16 11 25 42 25 40 55 59 74 47 24 22 37 51 15 13 60 71 56 45 71 65 50 17
 35 42 35 27 61 61 52 23 38 10 11 25 25 48 11 32 57 25 34 65 67 74 76 73
 79 80 71 57 65 77 70 80  7  1  0  6 12  1  7  0 47 50 38  2  4 12 15 14
 39 13 18  7  3 22 31 21 50 20]","[58 63 57 61 67 76 68 59 62 56 75 33  1 38 34 60 69 15 73 71 70 14  0 23
 74 81 79 11 77 31 10  4  2 35 36 41 27 78 39 42 26 24 12 32 66 72  5  3
 25 19 64  9 37 80 22 65 13 30  6 18 40 51  7 16 28 29 21 52 43 44 54 17
 20 50 47 45  8 46 53 48 55 49]"
VideoClipVLM,"{'path': 'video_clip/MMPT_updated/projects/retri/videoclip/how2.yaml', 'num_seconds': 4, 'sample_strat': 'spread'}",500p.text_overflow_1_1,2,5,12,24,53,37.91463414634146,35.0,"[[67 58 57 ... 32 50 55]
 [58 67 57 ... 50 53 55]
 [67 58 57 ... 50 32 55]
 ...
 [58 67 57 ... 53 54 55]
 [67 58 57 ... 49 54 55]
 [67 58 57 ... 53 54 55]]","[[17 15 35 ... 41 55 48]
 [15  8 19 ... 17 35 29]
 [13 11 26 ... 47 56 49]
 ...
 [16  8 19 ... 22 40 32]
 [11  6 14 ... 26 36 25]
 [ 9  5 22 ... 13 37 29]]","[17  8 26 36 30 27 53 59 72 43 27 22 34 44 14 10 58 72 52 45 73 67 51 17
 33 53 35 34 55 59 56 21 44 12 10 30 44 54 13 30 57 27 29 55 66 73 77 73
 78 80 70 57 64 77 69 76  9  2  0  9  9  1  7  0 50 34 29  1  8 15 16 26
 38 25 16  7 16 19 35 22 36 29]","[58 63 61 67 57 75 62 68  1 56 59 60 15 34 33 38 14 69 70 74 76 23  0 77
 31 11 79 73  2 71  5 41 10 66 42 81 39  4 35 24 12 65 27 26 78  3 80 72
  9 13 36 32 19 64 22 18  6 25 37 28 43 30 51 40 16  7 29 52 44 21 54 50
 17  8 20 47 45 55 46 53 48 49]"
VideoClipVLM,"{'path': 'video_clip/MMPT_updated/projects/retri/videoclip/how2.yaml', 'num_seconds': 5, 'sample_strat': 'center'}",500p.text_overflow_1_1,1,5,13,26,54,37.86585365853659,35.0,"[[67 58 57 ... 32 50 55]
 [58 67 57 ... 53 50 55]
 [58 67 38 ... 50 32 55]
 ...
 [67 58 57 ... 49 54 55]
 [67 58 57 ... 49 54 55]
 [67 58 57 ... 53 54 55]]","[[15 14 32 ... 33 51 43]
 [16  9 20 ... 15 30 25]
 [13 11 29 ... 47 52 49]
 ...
 [12  4 11 ... 21 31 23]
 [10  5 14 ... 35 40 28]
 [ 8  5 19 ... 10 31 24]]","[15  9 29 30 36 45 54 59 71 43 29 18 44 35 16 10 69 74 55 46 69 62 53 16
 34 49 35 31 59 70 60 22 38 10  9 34 40 56 14 27 61 27 30 58 69 73 76 73
 77 79 68 57 66 77 67 79 12  3  1  7  9  1  7  0 40 51 12  1  7 13 22 19
 25 24 10  7  8 15 32 21 40 24]","[63 58 67 61 57 75 62 59 68 76 34  1 60 74 33 15 56 66 69 38  0 77 23 14
 11 71 79 70 31 73 81 72 39 41 10  2 42  3 27 78 35 24 13 26  4 32 64 36
 80  9 12  5 19 25 65 22  6 18 37 51 43  7 28 30 40 21 52 54 50 44 20 16
 29  8 47 45 17 46 48 53 55 49]"
VideoClipVLM,"{'path': 'video_clip/MMPT_updated/projects/retri/videoclip/how2.yaml', 'num_seconds': 5, 'sample_strat': 'start'}",500p.text_overflow_1_1,2,6,12,24,55,37.89024390243903,34.0,"[[67 58 57 ... 53 50 55]
 [58 67 57 ... 50 53 55]
 [58 67 38 ... 50 53 55]
 ...
 [67 58 57 ... 53 54 55]
 [67 58 57 ... 49 50 55]
 [67 58 57 ... 53 54 55]]","[[16 12 29 ... 30 46 40]
 [13  8 21 ... 22 44 36]
 [12 11 25 ... 42 52 46]
 ...
 [14  6 19 ... 21 37 28]
 [12  5 17 ... 38 48 37]
 [10  7 25 ... 20 41 31]]","[16  8 25 43 25 40 55 58 72 48 24 20 37 50 17 13 62 73 58 44 72 65 49 17
 35 43 35 27 66 62 57 23 39 10 11 27 27 52 12 29 57 27 31 64 67 75 76 73
 80 80 70 57 67 77 68 79  8  1  0  5 11  2  7  0 47 46 25  2  4 12 15 13
 37 20 15  7  7 21 26 21 48 31]","[63 58 57 61 67 68 59 76 75 62  1 56 33 34 60 38 69 71 15 74 70  0 14 23
 73 11 77 79 31 10  2  4 66 78 27 35 36 41 39 42 81 24 26 12 72 32  5  3
 25 19 65 64  9 80 22 13 37  6 40 30 51  7 18 16 29 43 21 28 52 44 54 50
 20  8 17 47 45 46 53 55 48 49]"
VideoClipVLM,"{'path': 'video_clip/MMPT_updated/projects/retri/videoclip/how2.yaml', 'num_seconds': 5, 'sample_strat': 'spread'}",500p.text_overflow_1_1,2,5,11,23,55,38.21951219512195,34.5,"[[67 58 57 ... 32 50 55]
 [58 67 57 ... 50 53 55]
 [67 58 38 ... 50 53 55]
 ...
 [67 58 57 ... 53 54 55]
 [67 58 57 ... 49 54 55]
 [67 58 57 ... 53 54 55]]","[[15 13 31 ... 35 50 47]
 [15 10 19 ... 18 38 33]
 [14 11 28 ... 42 52 50]
 ...
 [14  6 19 ... 24 38 30]
 [13  6 17 ... 33 38 26]
 [ 9  6 24 ... 15 33 28]]","[15 10 28 39 27 41 52 57 72 46 27 23 33 47 15 13 61 72 56 46 71 67 48 14
 34 51 35 38 66 61 58 22 39 11  8 31 40 51 12 29 57 29 30 63 68 74 76 73
 77 79 70 57 73 77 66 79  8  2  0  9  9  1  7  0 47 33 24  1  5 11 20 29
 34 27 15 15 11 21 19 24 38 28]","[63 58 67 61 57 68 62 34 56 60 59  1 76 69 33 38 15 23  0 14 74 75 78 70
 77 31 11 79 66 10 73  4 81  2 71 39 41 42 35 65 12 24 72 26 80 27  3 32
 36  5 19  9 13 64 22 25 37  6 18  7 40 51 30 29 16 43 54 28 21 44 50 20
  8 17 47 52 45 46 53 48 49 55]"
VideoClipVLM,"{'path': 'video_clip/MMPT_updated/projects/retri/videoclip/how2.yaml', 'num_seconds': 6, 'sample_strat': 'center'}",500p.text_overflow_1_1,3,5,12,26,55,37.80487804878049,32.0,"[[67 58 57 ... 53 50 55]
 [58 67 57 ... 50 53 55]
 [67 58 38 ... 50 32 55]
 ...
 [67 58 57 ... 49 54 55]
 [67 58 57 ... 49 54 55]
 [67 58 57 ... 53 54 55]]","[[16 13 34 ... 35 49 45]
 [15 11 20 ... 18 36 33]
 [14 11 29 ... 47 53 48]
 ...
 [13  5 12 ... 21 30 23]
 [10  5 14 ... 34 39 25]
 [ 8  5 19 ... 10 31 24]]","[16 11 29 30 36 42 57 60 72 43 27 19 37 44 15 12 68 74 55 49 72 63 50 15
 31 50 35 31 63 69 58 23 40  8  7 32 41 48 11 28 61 30 31 58 69 74 76 73
 77 78 68 57 74 77 68 78  8  3  0  7 10  2 13  0 43 31 21  0  6  7 21 18
 30 19 11  7 15 19 23 21 39 24]","[63 58 67 61 57 68 34 75 59 69 56 33 60  1 38 74 15 62 76 14 23  0 71 11
 73 77 70 79 66 78 31 81 10 39  2  3 72 41 27 42 65 24 35 26  4 12 80 32
 36  5 64  9 13 37 19 25 22 18 51  6 30 43  7 40 28 21 54 16 50 29 44  8
 20 47 52 17 45 46 53 48 49 55]"
VideoClipVLM,"{'path': 'video_clip/MMPT_updated/projects/retri/videoclip/how2.yaml', 'num_seconds': 6, 'sample_strat': 'start'}",500p.text_overflow_1_1,2,5,11,25,54,37.9390243902439,34.5,"[[67 58 57 ... 53 50 55]
 [58 67 57 ... 50 53 55]
 [58 67 38 ... 32 53 55]
 ...
 [58 67 57 ... 53 54 55]
 [67 58 57 ... 54 50 55]
 [67 58 57 ... 53 54 55]]","[[16 14 32 ... 33 48 42]
 [14  8 20 ... 21 41 36]
 [14 11 27 ... 43 52 48]
 ...
 [14  6 18 ... 22 37 28]
 [11  5 17 ... 38 43 34]
 [10  7 25 ... 20 41 31]]","[16  8 27 41 29 37 55 58 71 45 23 20 37 50 16 13 66 75 57 45 72 65 50 16
 33 44 35 27 62 62 57 22 39 10 10 28 33 50 12 30 57 30 33 64 67 76 76 73
 80 79 70 57 69 77 67 77  8  1  0  6 10  2  9  0 45 39 23  2  5 12 15 13
 36 21 15  7 15 17 34 22 43 31]","[58 63 57 67 61 68 59 75  1 56 62 34 33 60 69 38 15 71 76 70 74 23 14  0
 77 11 73 31 79 66 10 27  2 35  4 41 39 81 36 42 24 78 26 72  5 12 32 65
  3 80 25 19  9 64 13 22 37  6 30 18 51 40  7 28 29 43 21 16 44 54 52 50
  8 20 47 17 46 45 55 53 49 48]"
VideoClipVLM,"{'path': 'video_clip/MMPT_updated/projects/retri/videoclip/how2.yaml', 'num_seconds': 6, 'sample_strat': 'spread'}",500p.text_overflow_1_1,2,6,11,23,57,38.18292682926829,35.5,"[[67 58 57 ... 50 32 55]
 [67 58 57 ... 32 53 55]
 [67 58 38 ... 50 32 55]
 ...
 [58 67 57 ... 53 54 55]
 [67 58 57 ... 16 54 55]
 [67 58 57 ... 53 54 55]]","[[16 13 34 ... 43 56 47]
 [15 11 19 ... 20 43 37]
 [15 13 32 ... 50 57 52]
 ...
 [14  6 18 ... 25 39 28]
 [12  7 18 ... 27 36 24]
 [ 9  6 24 ... 15 33 28]]","[16 11 32 40 30 32 55 59 71 42 25 22 36 44 15 14 66 72 53 46 71 68 49 17
 32 48 35 36 62 60 57 22 39 10  8 37 42 47 11 28 57 30 34 62 68 75 76 73
 78 79 70 57 74 77 64 76  8  2  0  7  9  1  9  0 40 34 28  1  4 13 17 24
 38 23 15 12 15 20 30 25 36 28]","[58 63 61 67 57 68 59 34 56 60 62 33 38  1 75 69 15 76 14 74  0 23 70 77
 11 31 73 71 10 79 39 66 81  4 41 78  5 24  2 42 65 26 27 80 12 35 72 32
  3 64 36  9 13 19 37 25 22 18  6 30 40 51  7 29 28 43 54 16 44 21 50  8
 20 17 47 52 45 55 46 53 48 49]"
VideoClipVLM,"{'path': 'video_clip/MMPT_updated/projects/retri/videoclip/how2.yaml', 'num_seconds': 7, 'sample_strat': 'center'}",500p.text_overflow_1_1,3,5,13,24,55,38.0609756097561,34.5,"[[67 58 57 ... 32 50 55]
 [58 67 57 ... 50 53 55]
 [58 67 38 ... 53 32 55]
 ...
 [58 67 57 ... 49 54 55]
 [67 58 57 ... 49 54 55]
 [67 58 57 ... 53 54 55]]","[[16 13 32 ... 34 48 46]
 [14  7 19 ... 13 29 25]
 [13 10 28 ... 42 53 49]
 ...
 [11  4 12 ... 23 28 22]
 [14  6 18 ... 31 37 24]
 [ 8  5 19 ... 10 31 24]]","[16  7 28 33 30 48 56 60 71 41 27 18 46 39 16 12 71 76 56 49 71 67 52 16
 35 50 35 31 59 70 58 22 37 11 10 31 38 48 12 28 61 30 31 52 69 75 76 73
 75 80 70 57 70 77 66 79  8  3  0  7  9  1  9  0 41 41 20  0  5 11 22 25
 33 21 11  8  8 16 34 23 37 24]","[63 58 67 61 57 68 59  1 56 75 76 60 62 34 69 33 74 38 15 23  0 14 77 11
 66 73 70 31 79 81 71 10 39  2 41  4 27 42 35  3 72 78 26 24 80 32 36 13
  9 64 65 12  5 37 19 25 43 22 18  6 51 30 28  7 40 54 21 44 50 29 52 20
  8 16 47 45 48 17 46 53 55 49]"
VideoClipVLM,"{'path': 'video_clip/MMPT_updated/projects/retri/videoclip/how2.yaml', 'num_seconds': 7, 'sample_strat': 'start'}",500p.text_overflow_1_1,2,5,10,26,55,37.98780487804878,35.0,"[[67 58 57 ... 32 50 55]
 [58 67 57 ... 50 53 55]
 [58 67 38 ... 32 53 55]
 ...
 [58 67 57 ... 53 54 55]
 [67 58 57 ... 50 54 55]
 [67 58 57 ... 53 54 55]]","[[15 13 32 ... 34 48 44]
 [15 11 19 ... 21 43 35]
 [13 10 26 ... 42 52 46]
 ...
 [14  6 17 ... 24 35 26]
 [11  5 15 ... 36 39 29]
 [10  7 25 ... 20 41 31]]","[15 11 26 36 31 41 55 59 71 46 25 18 38 49 16 13 68 75 57 44 72 67 51 16
 33 45 35 27 62 63 58 22 38 10 10 28 36 50 13 28 57 30 34 63 68 75 76 73
 79 79 69 57 73 77 67 78  8  2  0  6 11  2 12  0 43 34 23  1  5  9 19 14
 35 22 15  7 15 17 26 24 39 31]","[58 63 67 57 61 68 59 75 56 69 34 33  1 60 62 38 15 71 76 74  0 23 14 77
 11 70 73 31 66 79 10 78  2 27 35 39 41 81  4 24 42 65 72 26 36  3 32 12
 80  5 64 19 25  9 13 37 22  6 18 40 51 30  7 28 29 43 21 54 44 16 50  8
 20 52 47 45 17 46 53 55 48 49]"
VideoClipVLM,"{'path': 'video_clip/MMPT_updated/projects/retri/videoclip/how2.yaml', 'num_seconds': 7, 'sample_strat': 'spread'}",500p.text_overflow_1_1,2,5,13,25,55,37.81707317073171,34.5,"[[67 58 57 ... 32 50 55]
 [58 67 57 ... 50 53 55]
 [58 67 57 ... 32 53 55]
 ...
 [58 67 57 ... 53 54 55]
 [67 58 57 ... 16 54 55]
 [67 58 57 ... 53 54 55]]","[[16 13 32 ... 36 51 47]
 [15 11 19 ... 18 41 34]
 [14 11 26 ... 42 52 48]
 ...
 [14  5 15 ... 21 34 27]
 [14  6 17 ... 26 31 23]
 [ 9  6 24 ... 15 33 28]]","[16 11 26 38 30 41 53 60 71 42 25 20 35 46 17 16 62 73 53 45 72 68 50 18
 33 48 35 39 63 59 56 22 45 11  9 31 42 52 11 32 57 31 30 57 68 75 76 73
 79 79 70 57 73 77 68 80  8  2  0  7  5  1  8  0 38 34 26  1  7 12 11 19
 37 23 15  9  9 17 24 21 31 28]","[58 63 61 67 57 60 59 68 56 62 76 34 75 38 70  1 33 69 74 15  0 14 77 23
 71 11 79 31 73 78 10 66  2 81 42  4 35 80 41 39 24 65 26 12 72 64  3 27
  5 36  9 19 32 13 25 22 37  6 18 30 40 51 43 29  7 16 28 54 44 21 50  8
 20 52 17 47 45 46 53 49 48 55]"
VideoClipVLM,"{'path': 'video_clip/MMPT_updated/projects/retri/videoclip/how2.yaml', 'num_seconds': 8, 'sample_strat': 'center'}",500p.text_overflow_1_1,2,5,10,23,54,37.96341463414634,33.5,"[[67 58 57 ... 53 50 55]
 [58 67 57 ... 50 53 55]
 [58 67 38 ... 32 53 55]
 ...
 [67 58 57 ... 49 54 55]
 [67 58 57 ... 16 54 55]
 [67 58 57 ... 53 54 55]]","[[15 13 32 ... 36 50 47]
 [15 12 20 ... 23 45 36]
 [13 10 26 ... 41 53 47]
 ...
 [12  5 13 ... 24 29 22]
 [16  6 19 ... 32 37 27]
 [ 8  5 19 ... 10 31 24]]","[15 12 26 32 30 43 55 61 70 43 23 22 40 45 14 12 67 76 55 50 72 67 52 16
 33 50 35 34 63 66 57 23 38 10  7 31 37 45 12 28 61 31 31 60 69 75 76 73
 77 79 69 57 74 77 63 79  8  3  0  7 10  2 12  0 42 29 23  1  6  6 20 23
 33 21 13 14 13 18 24 24 37 24]","[58 63 67 61 57 68 69 34 59 56 60 33 62  1 38 15 76 74 75 14  0 23 77 70
 73 11 10 71 66 31 78 79 81  2 39 65  4 35 42 41  3 72 24 27 26 36 80 32
 12 64  5  9 37 13 25 19 22 18  6 30 51 43 40  7 28 54 29 16 21 50 44  8
 20 47 52 45 17 46 53 48 49 55]"
VideoClipVLM,"{'path': 'video_clip/MMPT_updated/projects/retri/videoclip/how2.yaml', 'num_seconds': 8, 'sample_strat': 'start'}",500p.text_overflow_1_1,2,5,12,26,55,37.79268292682927,34.5,"[[67 58 57 ... 53 50 55]
 [58 67 57 ... 50 53 55]
 [58 67 38 ... 32 53 55]
 ...
 [58 67 57 ... 53 54 55]
 [67 58 57 ... 49 54 55]
 [67 58 57 ... 53 54 55]]","[[15 13 32 ... 34 48 47]
 [15 11 19 ... 18 40 34]
 [13 10 26 ... 42 53 48]
 ...
 [14  6 15 ... 21 34 26]
 [13  6 16 ... 35 38 26]
 [10  7 25 ... 20 41 31]]","[15 11 26 35 34 42 56 60 71 42 25 18 38 50 16 11 66 75 56 45 72 67 51 17
 32 44 35 28 62 64 57 23 39  9  7 30 35 47 12 28 57 31 33 62 69 75 76 73
 79 79 69 57 74 77 67 79  8  2  0  7 10  2 13  0 43 28 23  1  7  9 16 17
 36 20 15  7 14 17 24 21 38 31]","[58 63 67 57 61 34 75 59 68 56 33 69 60  1 15 38 62 76 74  0 70 14 77 71
 23 11 73 79 66 31 78 10  2 39 27 65 35 41 81 24 42  4 36  3 26 72 80 12
 32  5  9 64 25 19 37 13 22 18  6 40 30 51  7 28 43 29 16 21 54 50 44  8
 20 47 52 17 45 46 53 49 48 55]"
VideoClipVLM,"{'path': 'video_clip/MMPT_updated/projects/retri/videoclip/how2.yaml', 'num_seconds': 8, 'sample_strat': 'spread'}",500p.text_overflow_1_1,2,5,12,24,55,38.26829268292683,35.5,"[[58 67 57 ... 32 50 55]
 [58 67 57 ... 50 53 55]
 [67 58 38 ... 50 32 55]
 ...
 [58 67 57 ... 53 54 55]
 [67 58 57 ... 16 54 55]
 [67 58 57 ... 53 54 55]]","[[15 13 30 ... 33 48 47]
 [14 11 18 ... 24 47 36]
 [15 13 30 ... 49 58 52]
 ...
 [14  5 15 ... 23 34 26]
 [16  8 18 ... 32 36 24]
 [ 9  6 24 ... 15 33 28]]","[15 11 30 38 27 39 57 60 71 43 24 22 43 49 16 14 65 75 55 45 72 67 53 18
 33 51 35 37 65 60 56 22 38 10  9 32 39 48 13 31 57 31 33 58 68 75 76 73
 78 79 70 57 71 77 67 78  8  2  0  7  9  1  9  0 45 34 24  2  6 11 14 23
 40 22 14  9 10 16 27 23 36 28]","[58 63 61 57 67 68 59 56 34 75 60 62 33 76 69  1 38 15 70 74  0 14 77 23
 73 31 11 79 71 10 66  4 78 81  2 39 41 35 24 42 65 26 80 27 32  3 36  5
 72 12  9 19 64 37 13 25 22 18 30 40  6 51 43 29  7 16 28 54 21 44 50 52
  8 20 47 45 17 46 53 55 48 49]"
VideoClipVLM,"{'path': 'video_clip/MMPT_updated/projects/retri/videoclip/how2.yaml', 'num_seconds': 9, 'sample_strat': 'center'}",500p.text_overflow_1_1,3,5,13,25,55,37.58536585365854,33.5,"[[67 58 57 ... 50 53 55]
 [58 67 57 ... 50 53 55]
 [58 67 38 ... 50 32 55]
 ...
 [58 67 57 ... 53 54 55]
 [67 58 57 ... 16 54 55]
 [67 58 57 ... 53 54 55]]","[[15 14 28 ... 33 48 42]
 [13  8 19 ... 17 36 29]
 [12  9 23 ... 39 53 49]
 ...
 [11  6 14 ... 20 28 23]
 [16  7 17 ... 26 31 22]
 [ 8  5 19 ... 10 31 24]]","[15  8 23 31 26 45 57 60 70 40 26 18 43 40 16 11 71 76 54 45 71 67 53 17
 34 50 35 37 59 64 57 22 38 11  9 32 36 47 12 28 61 33 32 57 67 75 76 73
 78 79 70 57 73 77 67 79  8  3  0  7  9  1  9  0 37 31 21  0  7 10 17 21
 34 23 13 12  8 15 31 20 31 24]","[58 67 63 61 57 59 68 56 76  1 62 60 34 69 33 15 38 75 74  0 77 14 70 23
 11 79 71 66 31 73  2 81  4 10 39  3 78 80 65 35 42 41 72 24 26 36 27 64
 32  9 13 12  5 19 37 25 22 18 43 51 30  6 28  7 40 29 21 54 44 50  8 16
 20 47 52 45 46 17 53 48 55 49]"
VideoClipVLM,"{'path': 'video_clip/MMPT_updated/projects/retri/videoclip/how2.yaml', 'num_seconds': 9, 'sample_strat': 'start'}",500p.text_overflow_1_1,2,5,10,24,55,37.9390243902439,34.5,"[[67 58 57 ... 32 50 55]
 [58 67 57 ... 50 53 55]
 [58 67 38 ... 32 53 55]
 ...
 [58 67 57 ... 53 54 55]
 [67 58 57 ... 16 54 55]
 [67 58 57 ... 53 54 55]]","[[15 13 32 ... 35 49 47]
 [15 11 18 ... 19 41 34]
 [13 10 26 ... 41 54 48]
 ...
 [13  5 15 ... 22 34 26]
 [16  6 17 ... 34 37 25]
 [10  7 25 ... 20 41 31]]","[15 11 26 33 31 43 57 61 71 42 24 22 38 50 16 12 66 75 56 45 72 66 51 17
 33 47 35 37 63 64 57 23 38 10  7 30 36 46 13 28 57 31 34 61 68 75 76 73
 79 79 69 57 74 77 62 79  8  2  0  7 10  2 11  0 41 26 24  1  6  7 15 23
 36 21 15 11 13 18 24 22 37 31]","[58 63 67 57 61 68 34 59 69 56 33 60  1 75 62 15 38 76 70 74  0 14 23 77
 73 79 11 71 31 10 66 78  2 65 39 35 41 81  4  3 24 42 26 72 36 80 27 32
 12 64  9  5 19 37 25 13 22 18 40 30 51  6 43  7 54 28 29 16 21 44 50  8
 20 47 52 17 45 46 53 55 49 48]"
VideoClipVLM,"{'path': 'video_clip/MMPT_updated/projects/retri/videoclip/how2.yaml', 'num_seconds': 9, 'sample_strat': 'spread'}",500p.text_overflow_1_1,2,5,12,24,56,38.08536585365854,35.0,"[[67 58 57 ... 32 50 55]
 [67 58 57 ... 53 32 55]
 [67 58 38 ... 50 32 55]
 ...
 [58 67 57 ... 53 54 55]
 [67 58 57 ... 16 54 55]
 [67 58 57 ... 53 54 55]]","[[15 13 28 ... 34 49 46]
 [15 10 22 ... 28 47 41]
 [15 12 29 ... 48 56 51]
 ...
 [14  5 15 ... 23 34 26]
 [15  8 18 ... 32 36 26]
 [ 9  6 24 ... 15 33 28]]","[15 10 29 37 28 43 56 61 71 41 24 21 42 47 17 13 67 73 60 46 71 67 53 18
 34 47 35 39 62 63 57 22 37  9 10 34 39 44 13 28 57 31 34 62 66 75 76 73
 79 79 72 57 71 77 64 79  8  2  0  7  7  1  8  0 34 32 26  1  5 10 16 22
 38 23 15  9 10 15 30 23 36 28]","[58 63 67 61 57 68 59 60 56 62 75 33 34 76 69  1 38 15  0 74 77 70 14 23
 11 71 31 73 79 10 66 39 81  4  2 78 41 65 42 35 64 24 26 80  3 32 72 36
 27  9 12  5 37 19 13 25 22  6 30 40 51 18  7 28 43 29 54 44 16 21  8 52
 20 50 47 17 45 46 53 49 55 48]"
VideoClipVLM,"{'path': 'video_clip/MMPT_updated/projects/retri/videoclip/how2.yaml', 'num_seconds': 10, 'sample_strat': 'center'}",500p.text_overflow_1_1,2,5,13,24,55,37.85365853658536,35.0,"[[67 58 57 ... 53 50 55]
 [58 67 57 ... 32 53 55]
 [67 58 38 ... 50 32 55]
 ...
 [58 67 57 ... 53 54 55]
 [67 58 57 ... 16 54 55]
 [67 58 57 ... 53 54 55]]","[[15 13 29 ... 34 49 46]
 [15 11 19 ... 25 46 36]
 [14 11 28 ... 48 56 51]
 ...
 [12  5 15 ... 21 33 25]
 [16  8 18 ... 32 37 27]
 [ 8  5 19 ... 10 31 24]]","[15 11 28 35 30 42 57 62 71 42 24 22 37 52 16 13 64 75 55 45 72 66 49 17
 32 50 35 36 62 63 56 23 38  9  7 31 34 44 13 28 61 34 34 62 68 76 76 73
 79 78 69 57 74 77 62 79  8  2  0  9  9  1  9  0 41 25 24  1  6  8 16 21
 37 22 14 13 12 17 25 21 37 24]","[58 63 67 61 57 68 34 56 69 62 59 33 60  1 76 75 15 38 74  0 14 70 23 77
 71 79 11 73 31 66 81 10 78 65  2 39  4 35 24 42 41 36 26  3 27 72 80 12
 32 64  5  9 37 19 22 25 13 18 30 51  6 40 28 43 54  7 29 16 21 44 50  8
 20 47 52 17 46 45 53 49 48 55]"
VideoClipVLM,"{'path': 'video_clip/MMPT_updated/projects/retri/videoclip/how2.yaml', 'num_seconds': 10, 'sample_strat': 'start'}",500p.text_overflow_1_1,2,5,13,24,55,37.91463414634146,35.0,"[[67 58 57 ... 53 50 55]
 [58 67 57 ... 32 53 55]
 [67 58 38 ... 50 32 55]
 ...
 [58 67 57 ... 53 54 55]
 [67 58 57 ... 16 54 55]
 [67 58 57 ... 53 54 55]]","[[15 13 29 ... 34 49 46]
 [15 11 19 ... 25 46 36]
 [14 11 28 ... 48 56 51]
 ...
 [12  5 15 ... 21 33 25]
 [16  8 18 ... 32 37 27]
 [10  7 25 ... 20 41 31]]","[15 11 28 35 30 42 57 62 71 42 24 22 37 52 16 13 64 75 55 45 72 66 49 17
 32 50 35 38 62 63 56 23 38  9  7 31 34 44 13 28 57 34 34 62 68 76 76 73
 79 78 69 57 74 77 62 79  8  2  0  9  9  1  9  0 41 25 24  1  6  8 16 21
 37 22 14 13 12 17 25 21 37 31]","[58 63 61 67 57 68 34 69 56 33 59 60 62  1 76 38 75 15 74  0 14 70 23 77
 71 79 11 73 31 66 10 65 78 39  2  4 81 35 24 41 42 36  3 26 80 12 72 27
 32 64  5  9 37 19 22 25 13 18 30  6 40 51  7 54 43 28 29 16 21 44 50  8
 20 47 52 17 46 45 53 49 48 55]"
VideoClipVLM,"{'path': 'video_clip/MMPT_updated/projects/retri/videoclip/how2.yaml', 'num_seconds': 10, 'sample_strat': 'spread'}",500p.text_overflow_1_1,2,5,13,24,55,37.89024390243903,35.0,"[[67 58 57 ... 53 50 55]
 [58 67 57 ... 32 53 55]
 [67 58 38 ... 50 32 55]
 ...
 [58 67 57 ... 53 54 55]
 [67 58 57 ... 16 54 55]
 [67 58 57 ... 53 54 55]]","[[15 13 29 ... 34 49 46]
 [15 11 19 ... 25 46 36]
 [14 11 28 ... 48 56 51]
 ...
 [12  5 15 ... 21 33 25]
 [16  8 18 ... 32 37 27]
 [ 9  6 24 ... 15 33 28]]","[15 11 28 35 30 42 57 62 71 42 24 22 37 52 16 13 64 75 55 45 72 66 49 17
 32 50 35 39 62 63 56 23 38  9  7 31 34 44 13 28 57 34 34 62 68 76 76 73
 79 78 69 57 74 77 62 79  8  2  0  9  9  1  9  0 41 25 24  1  6  8 16 21
 37 22 14 13 12 17 25 21 37 28]","[58 63 61 67 57 68 34 56 69 59 60 62 33  1 76 15 38 75 74  0 14 70 77 23
 79 71 73 11 31 66 10 65 78 39 81  2  4 35 24 36 41 42  3 26 12 72 80 32
 27 64  5  9 37 19 22 25 13 18 30 40 51  6 54 43  7 28 29 16 21 44 50  8
 20 47 52 17 46 45 53 49 55 48]"
ClipVLM,"{'path': 'openai/clip-vit-base-patch32', 'num_frames': 1, 'sample_strat': 'uniform'}",500p.text_overflow_1_1,0,3,11,22,50,40.46341463414634,41.0,"[[68 69  7 ... 50 80 32]
 [68 69 70 ... 40 80 32]
 [68 69 70 ... 50 80 32]
 ...
 [68 62 69 ... 17 80 32]
 [68 69 70 ... 17 80 32]
 [68 62 70 ... 50 80 32]]","[[25 15 48 ... 77 80 76]
 [29 17 57 ... 69 80 65]
 [23 16 51 ... 74 80 71]
 ...
 [30 22 56 ... 67 80 64]
 [25 21 57 ... 67 80 66]
 [23 18 55 ... 72 80 75]]","[25 17 51 14 32 11 10  4 13 14 24 41 64 75 72 25 46 65 18 37 29 52 67 50
 42 39 57 31 32 21 53 55 81 24 58 30 59 50 22 11 81 17 43 77 63 65 39 60
 46 76 81 78 61 67 46 52  7 43  7 24 45 12  9  5 49 63 67 16  1  1  5 23
  5 20  9 32 32  6 60 67 80 75]","[69 68  7 72 70 63 77 56 58 74 62  6  5 39 61  8  3  9 67 41  1 18 73 29
 38 71 10 33 59  0 15 20 35 27  4 28 75 76 19 25 46 11 24 57 42 60 16 48
 54 64 23 37  2 55 21 30 31 26 34 36 78 47 52 44 65 12 17 45 22 79 53 66
 14 81 13 49 43 51 80 50 32 40]"
ClipVLM,"{'path': 'openai/clip-vit-base-patch32', 'num_frames': 2, 'sample_strat': 'uniform'}",500p.text_overflow_1_1,1,6,10,24,49,40.926829268292686,42.0,"[[68 70 62 ... 50 80 32]
 [68 70 62 ... 50 80 32]
 [68 70 62 ... 50 80 32]
 ...
 [68 62 70 ... 17 80 32]
 [68 62 58 ... 17 80 32]
 [62 68 70 ... 50 80 32]]","[[26 16 51 ... 74 80 73]
 [30 18 56 ... 71 80 69]
 [26 17 49 ... 78 80 75]
 ...
 [34 21 56 ... 72 80 66]
 [30 21 57 ... 72 80 69]
 [26 18 55 ... 74 80 72]]","[26 18 49 16 33 12 10  3 10 14 31 44 68 76 73 27 44 63 12 35 30 52 65 49
 43 56 59 30 25 39 61 56 81 24 45 26 65 54 22 13  6 18 46 79 66 67 38 61
 71 79 79 78 54 72 53 67 10 50  4 13 58 13  1  4 54 68 67 14  0  1  7 23
  8 31 13 32 31  6 49 72 80 72]","[68 62 69  7 58 63 40 77 70 72  8 56  6 18  5 74 61 59 39 67  9  3  1 41
 38 71 33 28 35  0 15 20 27 10 73 76 75  4 19 46 29 24 11 16 34 42 78 23
  2 57 21 54 37 64 52 25 31 60 26 30 47 17 36 22 44 66 55 45 12 65 48 53
 79 81 14 13 51 50 49 43 80 32]"
ClipVLM,"{'path': 'openai/clip-vit-base-patch32', 'num_frames': 3, 'sample_strat': 'uniform'}",500p.text_overflow_1_1,1,5,11,23,48,41.18292682926829,43.5,"[[68 69 70 ... 50 80 32]
 [68 69 70 ... 50 80 32]
 [68 70 69 ... 50 80 32]
 ...
 [68 62 70 ... 17 80 32]
 [68 62 70 ... 17 80 32]
 [68 62 70 ... 50 80 32]]","[[27 15 54 ... 77 80 74]
 [32 17 60 ... 71 80 68]
 [28 17 53 ... 77 80 74]
 ...
 [35 24 58 ... 72 80 65]
 [30 21 58 ... 74 80 71]
 [28 18 56 ... 74 80 71]]","[27 17 53 15 39 14 16  3 12 13 25 44 65 77 73 22 48 65 18 40 27 49 64 57
 41 46 59 31 24 33 58 55 81 25 55 26 63 53 21 16 44 17 46 78 66 67 37 62
 67 76 80 79 59 67 50 64  9 45  5 18 51  9  3  7 57 66 73 13  0  1  4 23
  6 23 11 31 31  7 50 72 80 71]","[68 69 62  7 70 58 72 77 63 56 61 74  8 67  9  5  3  6 39 41  1 59 18 38
 15 71 73 28 10 33 35  0 20 27 75 76 29 46  4 19 24 40 11 57 42 25 16 21
 78 54 60  2 37 34 31 23 64 30 52 26 47 36 22 55 17 12 65 44 53 48 45 81
 79 66 14 49 13 43 51 80 50 32]"
ClipVLM,"{'path': 'openai/clip-vit-base-patch32', 'num_frames': 4, 'sample_strat': 'uniform'}",500p.text_overflow_1_1,1,5,9,22,48,41.52439024390244,42.5,"[[68 70 62 ... 50 80 32]
 [68 70 69 ... 50 80 32]
 [68 70 69 ... 50 80 32]
 ...
 [68 58 62 ... 17 80 32]
 [68 58 62 ... 17 80 32]
 [68 62 70 ... 50 80 32]]","[[29 17 58 ... 77 80 72]
 [32 18 59 ... 70 80 67]
 [28 16 54 ... 78 80 72]
 ...
 [34 25 57 ... 72 80 65]
 [32 23 57 ... 73 80 68]
 [30 16 55 ... 76 80 73]]","[29 18 54 14 41 15 16  3 12 14 26 46 68 76 74 23 42 63 16 38 28 48 62 57
 35 44 60 30 20 34 62 53 81 26 55 21 65 49 21 15 66 21 45 77 63 69 38 60
 66 78 79 80 55 68 51 68 11 46  2 16 54 12  5  5 53 67 74 12  0  1  4 23
  7 24 11 35 33  7 58 72 80 73]","[68 69 58  7 70 63 62 77 72 56 74  8 67 61  9  3  5 39 59 18  6  1 28 41
 38 35 71 15 73 33 10 20  0 27 76 29 24 75 46 19  4 16 25 42 11 57 21 37
 54 64 31 60  2 52 34 23 78 47 26 22 30 44 17 36 40 48 65 53 12 55 45 79
 81 14 66 13 43 49 50 80 51 32]"
ClipVLM,"{'path': 'openai/clip-vit-base-patch32', 'num_frames': 6, 'sample_strat': 'uniform'}",500p.text_overflow_1_1,1,6,9,22,46,41.3780487804878,41.0,"[[68 62 70 ... 50 80 32]
 [68 70 62 ... 50 80 32]
 [68 70 62 ... 50 80 32]
 ...
 [68 62 58 ... 17 80 32]
 [68 58 62 ... 17 80 32]
 [68 62 58 ... 50 80 32]]","[[27 16 52 ... 76 80 73]
 [30 18 57 ... 70 80 67]
 [27 16 50 ... 76 80 73]
 ...
 [34 24 56 ... 72 80 69]
 [29 22 57 ... 72 80 68]
 [29 16 54 ... 76 80 75]]","[27 18 50 16 35 12 13  3 12 15 26 44 68 76 72 22 38 63 18 36 28 52 68 53
 41 51 59 31 21 34 62 54 81 27 53 23 66 50 21 17 42 25 46 78 66 68 39 61
 65 77 79 79 55 71 53 66 11 45  3 16 50 11  2  7 54 70 75 13  0  1  4 23
  5 26 11 36 32  7 56 72 80 75]","[68 69 62 58  7 70 72 63 77 56 74 61  8  5 67  6  9  3 59 39 18  1 28 38
 15 71 35 41 73 10 33  0 20 27 76 29  4 19 75 16 46 24 40 11 57 42 60  2
 37 25 21 23 34 54 64 31 52 78 26 47 30 17 48 36 55 44 12 22 45 65 53 14
 79 81 66 13 49 43 51 50 80 32]"
ClipVLM,"{'path': 'openai/clip-vit-base-patch32', 'num_frames': 8, 'sample_strat': 'uniform'}",500p.text_overflow_1_1,1,6,9,22,48,41.3780487804878,41.0,"[[68 70 62 ... 50 80 32]
 [68 70 62 ... 50 80 32]
 [68 70 62 ... 50 80 32]
 ...
 [68 62 58 ... 17 80 32]
 [68 62 58 ... 17 80 32]
 [68 62 70 ... 50 80 32]]","[[28 16 53 ... 74 80 72]
 [30 16 60 ... 69 80 68]
 [24 16 52 ... 76 80 72]
 ...
 [34 23 57 ... 72 80 68]
 [29 22 56 ... 72 80 70]
 [28 16 54 ... 74 80 73]]","[28 16 52 15 40 16 15  3 11 14 26 44 65 77 73 25 43 64 19 38 29 49 65 55
 40 51 60 30 21 34 59 54 81 29 50 26 66 49 22 15 31 22 46 78 65 69 39 63
 62 77 79 80 55 69 52 67 10 48  3 17 51 10  3  5 53 70 75 13  0  1  4 23
  6 26 14 37 31  6 57 72 80 73]","[68 69 62  7 58 70 63 72 77 61 56  8 67  9 74  6  3 39  1  5 59 18 28 38
 41 71 15 35 73 10  0 20 33 27 76 40 29 75 19 46 24  4 16 11 42 57 21 37
 34 60 25  2 54 64 31 52 23 78 30 26 48 47 17 44 22 12 36 55 53 45 65 79
 14 81 66 13 49 43 50 51 80 32]"
ClipVLM,"{'path': 'openai/clip-vit-base-patch32', 'num_frames': 10, 'sample_strat': 'uniform'}",500p.text_overflow_1_1,1,6,9,23,46,41.46341463414634,41.5,"[[68 70 62 ... 50 80 32]
 [68 70 62 ... 50 80 32]
 [68 70 62 ... 50 80 32]
 ...
 [68 62 58 ... 17 80 32]
 [68 62 58 ... 17 80 32]
 [68 62 70 ... 50 80 32]]","[[28 16 54 ... 75 80 72]
 [32 17 60 ... 70 80 68]
 [27 16 54 ... 76 80 72]
 ...
 [34 25 57 ... 72 80 67]
 [29 23 57 ... 72 80 69]
 [29 16 55 ... 76 80 74]]","[28 17 54 15 39 15 15  3 11 14 24 44 68 76 74 22 42 63 18 37 27 50 66 57
 38 52 59 30 22 33 59 54 81 27 50 25 66 49 21 15 56 18 45 79 65 69 39 63
 63 77 79 80 55 69 52 65 11 46  3 16 54 12  3  7 52 66 75 13  0  1  4 23
  6 25 11 35 32  6 57 72 80 74]","[68 69 58 62  7 70 77 72 63  8 56 74 61 67  9  6  3  5 39 59  1 41 18 38
 15 28 71 10 73 35 33 20  0 27 76 29 75 19 24  4 46 16 11 42 57 37 34 21
 64 25 54 60  2 31 52 40 78 23 26 30 17 48 47 44 55 36 22 65 12 53 45 79
 14 81 66 13 49 43 50 80 51 32]"
ClipVLM,"{'path': 'openai/clip-vit-base-patch32', 'num_frames': 20, 'sample_strat': 'uniform'}",500p.text_overflow_1_1,1,6,9,22,46,41.3780487804878,40.0,"[[68 70 62 ... 50 80 32]
 [68 70 69 ... 50 80 32]
 [68 70 69 ... 50 80 32]
 ...
 [68 62 58 ... 17 80 32]
 [68 62 58 ... 17 80 32]
 [68 62 70 ... 50 80 32]]","[[28 16 55 ... 76 80 72]
 [30 18 58 ... 70 80 68]
 [25 17 52 ... 76 80 73]
 ...
 [34 25 57 ... 72 80 67]
 [29 21 57 ... 72 80 69]
 [29 17 55 ... 76 80 73]]","[28 18 52 15 39 14 13  3 11 13 26 44 68 76 73 23 42 63 19 39 29 51 65 57
 39 50 59 31 21 35 60 54 81 27 51 24 66 50 21 16 39 21 46 78 65 68 39 63
 64 76 80 80 54 70 52 67 10 45  3 16 51 10  3  5 53 69 75 13  0  1  4 23
  6 25 14 36 32  7 57 72 80 73]","[68 69 58 62  7 70 63 72 77 56 61  8  9 67  6  5 74  3 59 39  1 18 41 28
 38 71 15 35 73 10 33  0 20 27 76 29 75 46 40 19 24  4 16 11 57 42 25 37
 21 60 34 54  2 64 52 31 23 78 26 30 17 47 48 22 44 36 55 12 45 65 53 79
 14 81 66 49 13 43 51 50 80 32]"
ClipVLM,"{'path': 'openai/clip-vit-base-patch32', 'num_frames': 50, 'sample_strat': 'uniform'}",500p.text_overflow_1_1,1,6,9,22,48,41.35365853658536,41.5,"[[68 70 62 ... 50 80 32]
 [68 70 69 ... 50 80 32]
 [68 70 69 ... 50 80 32]
 ...
 [68 62 58 ... 17 80 32]
 [68 62 58 ... 17 80 32]
 [68 62 58 ... 50 80 32]]","[[28 16 54 ... 77 80 72]
 [30 17 58 ... 70 80 68]
 [26 16 52 ... 76 80 73]
 ...
 [34 25 57 ... 72 80 67]
 [29 21 57 ... 72 80 69]
 [29 16 54 ... 76 80 74]]","[28 17 52 16 37 14 14  3 11 13 26 44 68 76 73 23 42 63 19 38 28 48 65 57
 39 51 60 31 21 33 60 55 81 27 51 24 66 49 21 15 42 21 46 78 66 68 39 62
 64 77 79 80 56 70 52 66 10 46  3 16 52 11  3  5 53 67 75 13  0  1  4 23
  6 25 14 35 32  7 57 72 80 74]","[68 69 58  7 62 70 63 72 77 56  8 61  9 67  5  6 74 39 59  3  1 18 28 41
 38 71 15 35 73 10 33  0 20 27 76 29 75  4 19 24 46 40 16 11 42 57 21 37
 25 34  2 60 54 64 31 52 23 78 30 26 47 17 48 22 44 55 36 65 45 12 53 79
 14 81 66 13 49 43 50 80 51 32]"
ClipVLM,"{'path': 'openai/clip-vit-base-patch32', 'num_frames': 100, 'sample_strat': 'uniform'}",500p.text_overflow_1_1,1,6,9,22,48,41.426829268292686,41.5,"[[68 70 62 ... 50 80 32]
 [68 70 69 ... 50 80 32]
 [68 70 69 ... 50 80 32]
 ...
 [68 62 58 ... 17 80 32]
 [68 62 58 ... 17 80 32]
 [68 62 58 ... 50 80 32]]","[[28 16 55 ... 77 80 72]
 [29 18 58 ... 70 80 68]
 [25 16 52 ... 76 80 72]
 ...
 [34 25 57 ... 72 80 67]
 [29 21 57 ... 72 80 69]
 [29 16 54 ... 76 80 74]]","[28 18 52 15 37 14 14  3 11 13 26 44 67 76 73 23 42 64 19 38 28 49 65 57
 39 50 61 31 21 34 60 55 81 28 51 24 66 49 21 15 44 21 46 78 66 68 39 62
 63 77 79 80 56 69 52 66 10 45  3 16 52 11  4  5 53 68 75 13  0  1  4 23
  6 26 14 36 32  7 57 72 80 74]","[68 69 58  7 70 62 63 72 77 56  8 61  9 67  5 74  6 39  3 59  1 18 28 41
 38 71 15 35 73 10 33  0 20 27 76 29 75  4 19 24 46 16 40 11 57 42 21 37
 25 34 60  2 54 64 31 52 78 23 30 26 47 48 17 22 44 36 55 12 45 65 53 79
 14 81 66 13 49 43 50 51 80 32]"
MILES_SimilarityVLM,{},500p.text_overflow_1_1,1,6,11,23,51,40.51219512195122,42.5,"[[62 68 63 ... 55 50 32]
 [62 68 63 ... 55 50 32]
 [62 68 63 ... 55 50 32]
 ...
 [62 61 63 ... 80 32 55]
 [62 61 63 ... 80 32 55]
 [62 61 63 ... 80 32 55]]","[[33 22 10 ... 50 67 65]
 [40 28 12 ... 45 69 63]
 [42 28 12 ... 45 68 62]
 ...
 [45 31 29 ... 59 79 77]
 [46 33 29 ... 59 79 77]
 [45 34 32 ... 59 79 77]]","[33 28 12  7 18 19 60 32 67 57 47 26 57 65 70 45 18 10  3 10 13 33 10  5
 42 50 38 19  9 43 57 56 80 60 57 44 77 68 34 22 19 47 41 70 67 78 76 78
 65 67 79 51 58 55 72 80 30 31 26 32 36  3  1  0 42 50 44 20  1  4 24 42
 25 14  7  5 28 10 46 59 79 77]","[63 68 62 61 18 69 75 23 74  3 28 22 17 19 77  2 20 73 16  4 27 40  5 67
 39 70 72 11 58 76  1 56 57  7 59  0 21 38 60 26 42 71 24 64 29 66 35 15
 78 10 41 65 25 51 53 31 30 12  9 34 52 79  6 33 13 48  8 49 44 37 43 14
 54 46 36 81 47 45 50 80 55 32]"
